DOM Element Count,Legislation Section URL,volume,Chapter,Part,Divison,Subdivision
1,https://www.legislation.gov.au/C2004A04997/2024-07-01/2024-07-01/text/1/epub/OEBPS/document_1/document_1.html#_Toc172806502,,Part 1 Preliminary,,
2,https://www.legislation.gov.au/C2004A04997/2024-07-01/2024-07-01/text/1/epub/OEBPS/document_1/document_1.html#_Toc172806503,,Part 1 Preliminary,,1  Short title
3,https://www.legislation.gov.au/C2004A04997/2024-07-01/2024-07-01/text/1/epub/OEBPS/document_1/document_1.html#_Toc172806504,,Part 1 Preliminary,,2  Commencement
4,https://www.legislation.gov.au/C2004A04997/2024-07-01/2024-07-01/text/1/epub/OEBPS/document_1/document_1.html#_Toc172806505,,Part 1 Preliminary,,3  Definitions
5,https://www.legislation.gov.au/C2004A04997/2024-07-01/2024-07-01/text/1/epub/OEBPS/document_1/document_1.html#_Toc172806506,,Part 1 Preliminary,,3 A  Act does not extend to Norfolk Island
6,https://www.legislation.gov.au/C2004A04997/2024-07-01/2024-07-01/text/1/epub/OEBPS/document_1/document_1.html#_Toc172806507,,Part 1 Preliminary,,4  Headings in Schedule 3
7,https://www.legislation.gov.au/C2004A04997/2024-07-01/2024-07-01/text/1/epub/OEBPS/document_1/document_1.html#_Toc172806508,,Part 1 Preliminary,,5  Items in Schedule 4
8,https://www.legislation.gov.au/C2004A04997/2024-07-01/2024-07-01/text/1/epub/OEBPS/document_1/document_1.html#_Toc172806509,,Part 1 Preliminary,,6  Tariff classification
9,https://www.legislation.gov.au/C2004A04997/2024-07-01/2024-07-01/text/1/epub/OEBPS/document_1/document_1.html#_Toc172806510,,Part 1 Preliminary,,7  Rules for classifying goods in Schedule 3
10,https://www.legislation.gov.au/C2004A04997/2024-07-01/2024-07-01/text/1/epub/OEBPS/document_1/document_1.html#_Toc172806511,,Part 1 Preliminary,,8  Application of Schedule 4
11,https://www.legislation.gov.au/C2004A04997/2024-07-01/2024-07-01/text/1/epub/OEBPS/document_1/document_1.html#_Toc172806512,,Part 1 Preliminary,,9  Rates of dutyad valorem duties
12,https://www.legislation.gov.au/C2004A04997/2024-07-01/2024-07-01/text/1/epub/OEBPS/document_1/document_1.html#_Toc172806513,,Part 1 Preliminary,,10  Certain words etc are rates of duty
13,https://www.legislation.gov.au/C2004A04997/2024-07-01/2024-07-01/text/1/epub/OEBPS/document_1/document_1.html#_Toc172806514,,Part 1 Preliminary,,11  Rates of dutyphasing rates
14,https://www.legislation.gov.au/C2004A04997/2024-07-01/2024-07-01/text/1/epub/OEBPS/document_1/document_1.html#_Toc172806515,,Part 1 Preliminary,,12  Classes of countries and places in relation to which special rates apply
15,https://www.legislation.gov.au/C2004A04997/2024-07-01/2024-07-01/text/1/epub/OEBPS/document_1/document_1.html#_Toc172806516,,Part 1 Preliminary,,13  When goods are the produce or manufacture of a particular country or place
16,https://www.legislation.gov.au/C2004A04997/2024-07-01/2024-07-01/text/1/epub/OEBPS/document_1/document_1.html#_Toc172806517,,Part 1 Preliminary,,13 AA  When goods are Singaporean originating goods
17,https://www.legislation.gov.au/C2004A04997/2024-07-01/2024-07-01/text/1/epub/OEBPS/document_1/document_1.html#_Toc172806518,,Part 1 Preliminary,,13 A  When goods are US originating goods
18,https://www.legislation.gov.au/C2004A04997/2024-07-01/2024-07-01/text/1/epub/OEBPS/document_1/document_1.html#_Toc172806519,,Part 1 Preliminary,,13 B  When goods are Thai originating goods
19,https://www.legislation.gov.au/C2004A04997/2024-07-01/2024-07-01/text/1/epub/OEBPS/document_1/document_1.html#_Toc172806520,,Part 1 Preliminary,,13 C  When goods are New Zealand originating goods
20,https://www.legislation.gov.au/C2004A04997/2024-07-01/2024-07-01/text/1/epub/OEBPS/document_1/document_1.html#_Toc172806521,,Part 1 Preliminary,,13 CA  When goods are Peruvian originating goods
21,https://www.legislation.gov.au/C2004A04997/2024-07-01/2024-07-01/text/1/epub/OEBPS/document_1/document_1.html#_Toc172806522,,Part 1 Preliminary,,13 D  When goods are Chilean originating goods
22,https://www.legislation.gov.au/C2004A04997/2024-07-01/2024-07-01/text/1/epub/OEBPS/document_1/document_1.html#_Toc172806523,,Part 1 Preliminary,,13 E  When goods are ASEAN Australia New Zealand AANZ originating goods
23,https://www.legislation.gov.au/C2004A04997/2024-07-01/2024-07-01/text/1/epub/OEBPS/document_1/document_1.html#_Toc172806524,,Part 1 Preliminary,,13 EA  When goods are Pacific Islands originating goods
24,https://www.legislation.gov.au/C2004A04997/2024-07-01/2024-07-01/text/1/epub/OEBPS/document_1/document_1.html#_Toc172806525,,Part 1 Preliminary,,13 EB  When goods are Trans Pacific Partnership originating goods
25,https://www.legislation.gov.au/C2004A04997/2024-07-01/2024-07-01/text/1/epub/OEBPS/document_1/document_1.html#_Toc172806526,,Part 1 Preliminary,,13 F  When goods are Malaysian originating goods
26,https://www.legislation.gov.au/C2004A04997/2024-07-01/2024-07-01/text/1/epub/OEBPS/document_1/document_1.html#_Toc172806527,,Part 1 Preliminary,,13 FA  When goods are Indonesian originating goods
27,https://www.legislation.gov.au/C2004A04997/2024-07-01/2024-07-01/text/1/epub/OEBPS/document_1/document_1.html#_Toc172806528,,Part 1 Preliminary,,13 G  When goods are Korean originating goods
28,https://www.legislation.gov.au/C2004A04997/2024-07-01/2024-07-01/text/1/epub/OEBPS/document_1/document_1.html#_Toc172806529,,Part 1 Preliminary,,13 GA  When goods are Indian originating goods
29,https://www.legislation.gov.au/C2004A04997/2024-07-01/2024-07-01/text/1/epub/OEBPS/document_1/document_1.html#_Toc172806530,,Part 1 Preliminary,,13 H  When goods are Japanese originating goods
30,https://www.legislation.gov.au/C2004A04997/2024-07-01/2024-07-01/text/1/epub/OEBPS/document_1/document_1.html#_Toc172806531,,Part 1 Preliminary,,13 J  When goods are Chinese originating goods
31,https://www.legislation.gov.au/C2004A04997/2024-07-01/2024-07-01/text/1/epub/OEBPS/document_1/document_1.html#_Toc172806532,,Part 1 Preliminary,,13 K  When goods are Hong Kong originating goods
32,https://www.legislation.gov.au/C2004A04997/2024-07-01/2024-07-01/text/1/epub/OEBPS/document_1/document_1.html#_Toc172806533,,Part 1 Preliminary,,13 L  When goods are Regional Comprehensive Economic Partnership RCEP originating goods
33,https://www.legislation.gov.au/C2004A04997/2024-07-01/2024-07-01/text/1/epub/OEBPS/document_1/document_1.html#_Toc172806534,,Part 1 Preliminary,,13 M  When goods are UK originating goods
34,https://www.legislation.gov.au/C2004A04997/2024-07-01/2024-07-01/text/1/epub/OEBPS/document_1/document_1.html#_Toc172806535,,Part 1 Preliminary,,14  Application of rates of duty in relation to countries and places
35,https://www.legislation.gov.au/C2004A04997/2024-07-01/2024-07-01/text/1/epub/OEBPS/document_1/document_1.html#_Toc172806536,,Part 2 Duties of Customs,,
36,https://www.legislation.gov.au/C2004A04997/2024-07-01/2024-07-01/text/1/epub/OEBPS/document_1/document_1.html#_Toc172806537,,Part 2 Duties of Customs,,15  Imposition of duties
37,https://www.legislation.gov.au/C2004A04997/2024-07-01/2024-07-01/text/1/epub/OEBPS/document_1/document_1.html#_Toc172806538,,Part 2 Duties of Customs,,16  Calculation of duty
38,https://www.legislation.gov.au/C2004A04997/2024-07-01/2024-07-01/text/1/epub/OEBPS/document_1/document_1.html#_Toc172806539,,Part 2 Duties of Customs,,16 A  Suspension of preferential tariff for UK originating goodssafeguard goods
39,https://www.legislation.gov.au/C2004A04997/2024-07-01/2024-07-01/text/1/epub/OEBPS/document_1/document_1.html#_Toc172806540,,Part 2 Duties of Customs,,17  Rates for goods with constituents etc
40,https://www.legislation.gov.au/C2004A04997/2024-07-01/2024-07-01/text/1/epub/OEBPS/document_1/document_1.html#_Toc172806541,,Part 2 Duties of Customs,,18  Calculation of concessional duty
41,https://www.legislation.gov.au/C2004A04997/2024-07-01/2024-07-01/text/1/epub/OEBPS/document_1/document_1.html#_Toc172806542,,Part 2 Duties of Customs,,18 A  Temporary increase in duties for goods from Russia or Belarus
42,https://www.legislation.gov.au/C2004A04997/2024-07-01/2024-07-01/text/1/epub/OEBPS/document_1/document_1.html#_Toc172806543,,Part 2 Duties of Customs,,18 B  Temporary decrease in duties for goods from Ukraine
43,https://www.legislation.gov.au/C2004A04997/2024-07-01/2024-07-01/text/1/epub/OEBPS/document_1/document_1.html#_Toc172806544,,Part 2 Duties of Customs,,19  Indexation of CPI indexed rates
44,https://www.legislation.gov.au/C2004A04997/2024-07-01/2024-07-01/text/1/epub/OEBPS/document_1/document_1.html#_Toc172806545,,Part 2 Duties of Customs,,19 AAA  Rounding of fuel duty rates
45,https://www.legislation.gov.au/C2004A04997/2024-07-01/2024-07-01/text/1/epub/OEBPS/document_1/document_1.html#_Toc172806546,,Part 2 Duties of Customs,,19 AAB  Change in fuel duty rates
46,https://www.legislation.gov.au/C2004A04997/2024-07-01/2024-07-01/text/1/epub/OEBPS/document_1/document_1.html#_Toc172806547,,Part 2 Duties of Customs,,19 AABA  Temporary reduction in indexed fuel duty rates
47,https://www.legislation.gov.au/C2004A04997/2024-07-01/2024-07-01/text/1/epub/OEBPS/document_1/document_1.html#_Toc172806548,,Part 2 Duties of Customs,,19 AABB  Temporary reduction in other duty rates
48,https://www.legislation.gov.au/C2004A04997/2024-07-01/2024-07-01/text/1/epub/OEBPS/document_1/document_1.html#_Toc172806549,,Part 2 Duties of Customs,,19 AAC  Fuel duty rates
49,https://www.legislation.gov.au/C2004A04997/2024-07-01/2024-07-01/text/1/epub/OEBPS/document_1/document_1.html#_Toc172806550,,Part 2 Duties of Customs,,19 AA  Alcohol duty rates
50,https://www.legislation.gov.au/C2004A04997/2024-07-01/2024-07-01/text/1/epub/OEBPS/document_1/document_1.html#_Toc172806551,,Part 2 Duties of Customs,,19 AB  Indexation of tobacco duty rates
51,https://www.legislation.gov.au/C2004A04997/2024-07-01/2024-07-01/text/1/epub/OEBPS/document_1/document_1.html#_Toc172806552,,Part 2 Duties of Customs,,19 AC  List of tobacco duty rates to be indexed under section 19 AB
52,https://www.legislation.gov.au/C2004A04997/2024-07-01/2024-07-01/text/1/epub/OEBPS/document_1/document_1.html#_Toc172806553,,Part 2 Duties of Customs,,19 ACA  Other tobacco duty rates
53,https://www.legislation.gov.au/C2004A04997/2024-07-01/2024-07-01/text/1/epub/OEBPS/document_1/document_1.html#_Toc172806554,,Part 2 Duties of Customs,,19 AD  Change in duty rate of certain liquefied petroleum gases liquefied natural gases and compressed natural gases
54,https://www.legislation.gov.au/C2004A04997/2024-07-01/2024-07-01/text/1/epub/OEBPS/document_1/document_1.html#_Toc172806555,,Part 2 Duties of Customs,,20  Duty where goods consist of certain containers and certain contents
55,https://www.legislation.gov.au/C2004A04997/2024-07-01/2024-07-01/text/1/epub/OEBPS/document_1/document_1.html#_Toc172806556,,Part 3 Miscellaneous,,
56,https://www.legislation.gov.au/C2004A04997/2024-07-01/2024-07-01/text/1/epub/OEBPS/document_1/document_1.html#_Toc172806557,,Part 3 Miscellaneous,,20 A  Regulations
57,https://www.legislation.gov.au/C2004A04997/2024-07-01/2024-07-01/text/1/epub/OEBPS/document_1/document_1.html#_Toc172806558,,Part 3 Miscellaneous,,21  Repeal of the Customs Tariff Act 1987 etc
58,https://www.legislation.gov.au/C2004A04997/2024-07-01/2024-07-01/text/1/epub/OEBPS/document_1/document_1.html#_Toc172806559,,Part 3 Miscellaneous,,22  Transitional
59,https://www.legislation.gov.au/C2004A04997/2024-07-01/2024-07-01/text/1/epub/OEBPS/document_1/document_1.html#_Toc172806560,,Part 3 Miscellaneous,,Schedule 2 General rules for the interpretation of Schedule 3
60,https://www.legislation.gov.au/C2004A04997/2024-07-01/2024-07-01/text/1/epub/OEBPS/document_1/document_1.html#_Toc172806561,,Part 3 Miscellaneous,,Schedule 3 Classification of goods and general and special rates of duty
61,https://www.legislation.gov.au/C2004A04997/2024-07-01/2024-07-01/text/1/epub/OEBPS/document_1/document_1.html#_Toc172806562,,Part 3 Miscellaneous,,Section ILive animals animal products
62,https://www.legislation.gov.au/C2004A04997/2024-07-01/2024-07-01/text/1/epub/OEBPS/document_1/document_1.html#_Toc172806563,,Part 3 Miscellaneous,,Notes
63,https://www.legislation.gov.au/C2004A04997/2024-07-01/2024-07-01/text/1/epub/OEBPS/document_1/document_1.html#_Toc172806564,Chapter 1 Live animals,Part 3 Miscellaneous,,
64,https://www.legislation.gov.au/C2004A04997/2024-07-01/2024-07-01/text/1/epub/OEBPS/document_1/document_1.html#_Toc172806565,Chapter 1 Live animals,Part 3 Miscellaneous,,Note
65,https://www.legislation.gov.au/C2004A04997/2024-07-01/2024-07-01/text/1/epub/OEBPS/document_1/document_1.html#_Toc172806566,Chapter 2 Meat and edible meat offal,Part 3 Miscellaneous,,
66,https://www.legislation.gov.au/C2004A04997/2024-07-01/2024-07-01/text/1/epub/OEBPS/document_1/document_1.html#_Toc172806567,Chapter 2 Meat and edible meat offal,Part 3 Miscellaneous,,Note
67,https://www.legislation.gov.au/C2004A04997/2024-07-01/2024-07-01/text/1/epub/OEBPS/document_1/document_1.html#_Toc172806568,Chapter 3 Fish and crustaceans molluscs and other aquatic invertebrates,Part 3 Miscellaneous,,
68,https://www.legislation.gov.au/C2004A04997/2024-07-01/2024-07-01/text/1/epub/OEBPS/document_1/document_1.html#_Toc172806569,Chapter 3 Fish and crustaceans molluscs and other aquatic invertebrates,Part 3 Miscellaneous,,Notes
69,https://www.legislation.gov.au/C2004A04997/2024-07-01/2024-07-01/text/1/epub/OEBPS/document_1/document_1.html#_Toc172806570,Chapter 4 Dairy produce birds eggs natural honey edible products of animal origin not elsewhere specified or included,Part 3 Miscellaneous,,
70,https://www.legislation.gov.au/C2004A04997/2024-07-01/2024-07-01/text/1/epub/OEBPS/document_1/document_1.html#_Toc172806571,Chapter 4 Dairy produce birds eggs natural honey edible products of animal origin not elsewhere specified or included,Part 3 Miscellaneous,,Notes
71,https://www.legislation.gov.au/C2004A04997/2024-07-01/2024-07-01/text/1/epub/OEBPS/document_1/document_1.html#_Toc172806572,Chapter 4 Dairy produce birds eggs natural honey edible products of animal origin not elsewhere specified or included,Part 3 Miscellaneous,,Subheading Notes
72,https://www.legislation.gov.au/C2004A04997/2024-07-01/2024-07-01/text/1/epub/OEBPS/document_1/document_1.html#_Toc172806573,Chapter 5 Products of animal origin not elsewhere specified or included,Part 3 Miscellaneous,,
73,https://www.legislation.gov.au/C2004A04997/2024-07-01/2024-07-01/text/1/epub/OEBPS/document_1/document_1.html#_Toc172806574,Chapter 5 Products of animal origin not elsewhere specified or included,Part 3 Miscellaneous,,Notes
74,https://www.legislation.gov.au/C2004A04997/2024-07-01/2024-07-01/text/1/epub/OEBPS/document_1/document_1.html#_Toc172806575,Chapter 5 Products of animal origin not elsewhere specified or included,Part 3 Miscellaneous,,Section IIVegetable products
75,https://www.legislation.gov.au/C2004A04997/2024-07-01/2024-07-01/text/1/epub/OEBPS/document_1/document_1.html#_Toc172806576,Chapter 5 Products of animal origin not elsewhere specified or included,Part 3 Miscellaneous,,Note
76,https://www.legislation.gov.au/C2004A04997/2024-07-01/2024-07-01/text/1/epub/OEBPS/document_1/document_1.html#_Toc172806577,Chapter 6 Live trees and other plants bulbs roots and the like cut flowers and ornamental foliage,Part 3 Miscellaneous,,
77,https://www.legislation.gov.au/C2004A04997/2024-07-01/2024-07-01/text/1/epub/OEBPS/document_1/document_1.html#_Toc172806578,Chapter 6 Live trees and other plants bulbs roots and the like cut flowers and ornamental foliage,Part 3 Miscellaneous,,Notes
78,https://www.legislation.gov.au/C2004A04997/2024-07-01/2024-07-01/text/1/epub/OEBPS/document_1/document_1.html#_Toc172806579,Chapter 7 Edible vegetables and certain roots and tubers,Part 3 Miscellaneous,,
79,https://www.legislation.gov.au/C2004A04997/2024-07-01/2024-07-01/text/1/epub/OEBPS/document_1/document_1.html#_Toc172806580,Chapter 7 Edible vegetables and certain roots and tubers,Part 3 Miscellaneous,,Notes
80,https://www.legislation.gov.au/C2004A04997/2024-07-01/2024-07-01/text/1/epub/OEBPS/document_1/document_1.html#_Toc172806581,Chapter 8 Edible fruit and nuts peel of citrus fruit or melons,Part 3 Miscellaneous,,
81,https://www.legislation.gov.au/C2004A04997/2024-07-01/2024-07-01/text/1/epub/OEBPS/document_1/document_1.html#_Toc172806582,Chapter 8 Edible fruit and nuts peel of citrus fruit or melons,Part 3 Miscellaneous,,Notes
82,https://www.legislation.gov.au/C2004A04997/2024-07-01/2024-07-01/text/1/epub/OEBPS/document_1/document_1.html#_Toc172806583,Chapter 9 Coffee tea mate and spices,Part 3 Miscellaneous,,
83,https://www.legislation.gov.au/C2004A04997/2024-07-01/2024-07-01/text/1/epub/OEBPS/document_1/document_1.html#_Toc172806584,Chapter 9 Coffee tea mate and spices,Part 3 Miscellaneous,,Notes
84,https://www.legislation.gov.au/C2004A04997/2024-07-01/2024-07-01/text/1/epub/OEBPS/document_1/document_1.html#_Toc172806585,Chapter 10 Cereals,Part 3 Miscellaneous,,
85,https://www.legislation.gov.au/C2004A04997/2024-07-01/2024-07-01/text/1/epub/OEBPS/document_1/document_1.html#_Toc172806586,Chapter 10 Cereals,Part 3 Miscellaneous,,Notes
86,https://www.legislation.gov.au/C2004A04997/2024-07-01/2024-07-01/text/1/epub/OEBPS/document_1/document_1.html#_Toc172806587,Chapter 10 Cereals,Part 3 Miscellaneous,,Subheading Note
87,https://www.legislation.gov.au/C2004A04997/2024-07-01/2024-07-01/text/1/epub/OEBPS/document_1/document_1.html#_Toc172806588,Chapter 11 Products of the milling industry malt starches inulin wheat gluten,Part 3 Miscellaneous,,
88,https://www.legislation.gov.au/C2004A04997/2024-07-01/2024-07-01/text/1/epub/OEBPS/document_1/document_1.html#_Toc172806589,Chapter 11 Products of the milling industry malt starches inulin wheat gluten,Part 3 Miscellaneous,,Notes
89,https://www.legislation.gov.au/C2004A04997/2024-07-01/2024-07-01/text/1/epub/OEBPS/document_1/document_1.html#_Toc172806590,Chapter 12 Oil seeds and oleaginous fruits miscellaneous grains seeds and fruit industrial or medicinal plants straw and fodder,Part 3 Miscellaneous,,
90,https://www.legislation.gov.au/C2004A04997/2024-07-01/2024-07-01/text/1/epub/OEBPS/document_1/document_1.html#_Toc172806591,Chapter 12 Oil seeds and oleaginous fruits miscellaneous grains seeds and fruit industrial or medicinal plants straw and fodder,Part 3 Miscellaneous,,Notes
91,https://www.legislation.gov.au/C2004A04997/2024-07-01/2024-07-01/text/1/epub/OEBPS/document_1/document_1.html#_Toc172806592,Chapter 12 Oil seeds and oleaginous fruits miscellaneous grains seeds and fruit industrial or medicinal plants straw and fodder,Part 3 Miscellaneous,,Subheading Note
92,https://www.legislation.gov.au/C2004A04997/2024-07-01/2024-07-01/text/1/epub/OEBPS/document_1/document_1.html#_Toc172806593,Chapter 13 Lac gums resins and other vegetable saps and extracts,Part 3 Miscellaneous,,
93,https://www.legislation.gov.au/C2004A04997/2024-07-01/2024-07-01/text/1/epub/OEBPS/document_1/document_1.html#_Toc172806594,Chapter 13 Lac gums resins and other vegetable saps and extracts,Part 3 Miscellaneous,,Note
94,https://www.legislation.gov.au/C2004A04997/2024-07-01/2024-07-01/text/1/epub/OEBPS/document_1/document_1.html#_Toc172806595,Chapter 14 Vegetable plaiting materials vegetable products not elsewhere specified or included,Part 3 Miscellaneous,,
95,https://www.legislation.gov.au/C2004A04997/2024-07-01/2024-07-01/text/1/epub/OEBPS/document_1/document_1.html#_Toc172806596,Chapter 14 Vegetable plaiting materials vegetable products not elsewhere specified or included,Part 3 Miscellaneous,,Notes
96,https://www.legislation.gov.au/C2004A04997/2024-07-01/2024-07-01/text/1/epub/OEBPS/document_1/document_1.html#_Toc172806597,Chapter 14 Vegetable plaiting materials vegetable products not elsewhere specified or included,Part 3 Miscellaneous,,Section IIIAnimal vegetable or microbial fats and oils and their cleavage products prepared edible fats animal or vegetable waxes
97,https://www.legislation.gov.au/C2004A04997/2024-07-01/2024-07-01/text/1/epub/OEBPS/document_1/document_1.html#_Toc172806598,Chapter 15 Animal vegetable or microbial fats and oils and their cleavage products prepared edible fats animal or vegetable waxes,Part 3 Miscellaneous,,
98,https://www.legislation.gov.au/C2004A04997/2024-07-01/2024-07-01/text/1/epub/OEBPS/document_1/document_1.html#_Toc172806599,Chapter 15 Animal vegetable or microbial fats and oils and their cleavage products prepared edible fats animal or vegetable waxes,Part 3 Miscellaneous,,Notes
99,https://www.legislation.gov.au/C2004A04997/2024-07-01/2024-07-01/text/1/epub/OEBPS/document_1/document_1.html#_Toc172806600,Chapter 15 Animal vegetable or microbial fats and oils and their cleavage products prepared edible fats animal or vegetable waxes,Part 3 Miscellaneous,,Subheading Notes
100,https://www.legislation.gov.au/C2004A04997/2024-07-01/2024-07-01/text/1/epub/OEBPS/document_1/document_1.html#_Toc172806601,Chapter 15 Animal vegetable or microbial fats and oils and their cleavage products prepared edible fats animal or vegetable waxes,Part 3 Miscellaneous,,Additional Note
101,https://www.legislation.gov.au/C2004A04997/2024-07-01/2024-07-01/text/1/epub/OEBPS/document_2/document_2.html#_Toc171750929,Chapter 15 Animal vegetable or microbial fats and oils and their cleavage products prepared edible fats animal or vegetable waxes,Part 3 Miscellaneous,,Schedule 3 Classification of goods and general and special rates of duty
102,https://www.legislation.gov.au/C2004A04997/2024-07-01/2024-07-01/text/1/epub/OEBPS/document_2/document_2.html#_Toc171750930,Chapter 15 Animal vegetable or microbial fats and oils and their cleavage products prepared edible fats animal or vegetable waxes,Part 3 Miscellaneous,,Section IVPrepared foodstuffs beverages spirits and vinegar tobacco and manufactured tobacco substitutes products whether or not containing nicotine intended for inhalation without combustion other nicotine containing products intended for the intake of nicotine into the human body
103,https://www.legislation.gov.au/C2004A04997/2024-07-01/2024-07-01/text/1/epub/OEBPS/document_2/document_2.html#_Toc171750931,Chapter 15 Animal vegetable or microbial fats and oils and their cleavage products prepared edible fats animal or vegetable waxes,Part 3 Miscellaneous,,Note
104,https://www.legislation.gov.au/C2004A04997/2024-07-01/2024-07-01/text/1/epub/OEBPS/document_2/document_2.html#_Toc171750932,Chapter 15 Animal vegetable or microbial fats and oils and their cleavage products prepared edible fats animal or vegetable waxes,Part 3 Miscellaneous,,Additional Note
105,https://www.legislation.gov.au/C2004A04997/2024-07-01/2024-07-01/text/1/epub/OEBPS/document_2/document_2.html#_Toc171750933,Chapter 16 Preparations of meat of fish of crustaceans molluscs or other aquatic invertebrates or of insects,Part 3 Miscellaneous,,
106,https://www.legislation.gov.au/C2004A04997/2024-07-01/2024-07-01/text/1/epub/OEBPS/document_2/document_2.html#_Toc171750934,Chapter 16 Preparations of meat of fish of crustaceans molluscs or other aquatic invertebrates or of insects,Part 3 Miscellaneous,,Notes
107,https://www.legislation.gov.au/C2004A04997/2024-07-01/2024-07-01/text/1/epub/OEBPS/document_2/document_2.html#_Toc171750935,Chapter 16 Preparations of meat of fish of crustaceans molluscs or other aquatic invertebrates or of insects,Part 3 Miscellaneous,,Subheading Notes
108,https://www.legislation.gov.au/C2004A04997/2024-07-01/2024-07-01/text/1/epub/OEBPS/document_2/document_2.html#_Toc171750936,Chapter 17 Sugars and sugar confectionery,Part 3 Miscellaneous,,
109,https://www.legislation.gov.au/C2004A04997/2024-07-01/2024-07-01/text/1/epub/OEBPS/document_2/document_2.html#_Toc171750937,Chapter 17 Sugars and sugar confectionery,Part 3 Miscellaneous,,Note
110,https://www.legislation.gov.au/C2004A04997/2024-07-01/2024-07-01/text/1/epub/OEBPS/document_2/document_2.html#_Toc171750938,Chapter 17 Sugars and sugar confectionery,Part 3 Miscellaneous,,Subheading Notes
111,https://www.legislation.gov.au/C2004A04997/2024-07-01/2024-07-01/text/1/epub/OEBPS/document_2/document_2.html#_Toc171750939,Chapter 18 Cocoa and cocoa preparations,Part 3 Miscellaneous,,
112,https://www.legislation.gov.au/C2004A04997/2024-07-01/2024-07-01/text/1/epub/OEBPS/document_2/document_2.html#_Toc171750940,Chapter 18 Cocoa and cocoa preparations,Part 3 Miscellaneous,,Notes
113,https://www.legislation.gov.au/C2004A04997/2024-07-01/2024-07-01/text/1/epub/OEBPS/document_2/document_2.html#_Toc171750941,Chapter 19 Preparations of cereals flour starch or milk pastrycooks products,Part 3 Miscellaneous,,
114,https://www.legislation.gov.au/C2004A04997/2024-07-01/2024-07-01/text/1/epub/OEBPS/document_2/document_2.html#_Toc171750942,Chapter 19 Preparations of cereals flour starch or milk pastrycooks products,Part 3 Miscellaneous,,Notes
115,https://www.legislation.gov.au/C2004A04997/2024-07-01/2024-07-01/text/1/epub/OEBPS/document_2/document_2.html#_Toc171750943,Chapter 19 Preparations of cereals flour starch or milk pastrycooks products,Part 3 Miscellaneous,,Additional Note
116,https://www.legislation.gov.au/C2004A04997/2024-07-01/2024-07-01/text/1/epub/OEBPS/document_2/document_2.html#_Toc171750944,Chapter 20 Preparations of vegetables fruit nuts or other parts of plants,Part 3 Miscellaneous,,
117,https://www.legislation.gov.au/C2004A04997/2024-07-01/2024-07-01/text/1/epub/OEBPS/document_2/document_2.html#_Toc171750945,Chapter 20 Preparations of vegetables fruit nuts or other parts of plants,Part 3 Miscellaneous,,Notes
118,https://www.legislation.gov.au/C2004A04997/2024-07-01/2024-07-01/text/1/epub/OEBPS/document_2/document_2.html#_Toc171750946,Chapter 20 Preparations of vegetables fruit nuts or other parts of plants,Part 3 Miscellaneous,,Subheading Notes
119,https://www.legislation.gov.au/C2004A04997/2024-07-01/2024-07-01/text/1/epub/OEBPS/document_2/document_2.html#_Toc171750947,Chapter 20 Preparations of vegetables fruit nuts or other parts of plants,Part 3 Miscellaneous,,Additional Notes
120,https://www.legislation.gov.au/C2004A04997/2024-07-01/2024-07-01/text/1/epub/OEBPS/document_2/document_2.html#_Toc171750948,Chapter 21 Miscellaneous edible preparations,Part 3 Miscellaneous,,
121,https://www.legislation.gov.au/C2004A04997/2024-07-01/2024-07-01/text/1/epub/OEBPS/document_2/document_2.html#_Toc171750949,Chapter 21 Miscellaneous edible preparations,Part 3 Miscellaneous,,Notes
122,https://www.legislation.gov.au/C2004A04997/2024-07-01/2024-07-01/text/1/epub/OEBPS/document_2/document_2.html#_Toc171750950,Chapter 21 Miscellaneous edible preparations,Part 3 Miscellaneous,,Additional Notes
123,https://www.legislation.gov.au/C2004A04997/2024-07-01/2024-07-01/text/1/epub/OEBPS/document_2/document_2.html#_Toc171750951,Chapter 22 Beverages spirits and vinegar,Part 3 Miscellaneous,,
124,https://www.legislation.gov.au/C2004A04997/2024-07-01/2024-07-01/text/1/epub/OEBPS/document_2/document_2.html#_Toc171750952,Chapter 22 Beverages spirits and vinegar,Part 3 Miscellaneous,,Notes
125,https://www.legislation.gov.au/C2004A04997/2024-07-01/2024-07-01/text/1/epub/OEBPS/document_2/document_2.html#_Toc171750953,Chapter 22 Beverages spirits and vinegar,Part 3 Miscellaneous,,Subheading Note
126,https://www.legislation.gov.au/C2004A04997/2024-07-01/2024-07-01/text/1/epub/OEBPS/document_2/document_2.html#_Toc171750954,Chapter 22 Beverages spirits and vinegar,Part 3 Miscellaneous,,Additional Notes
127,https://www.legislation.gov.au/C2004A04997/2024-07-01/2024-07-01/text/1/epub/OEBPS/document_2/document_2.html#_Toc171750955,Chapter 23 Residues and waste from the food industries prepared animal fodder,Part 3 Miscellaneous,,
128,https://www.legislation.gov.au/C2004A04997/2024-07-01/2024-07-01/text/1/epub/OEBPS/document_2/document_2.html#_Toc171750956,Chapter 23 Residues and waste from the food industries prepared animal fodder,Part 3 Miscellaneous,,Note
129,https://www.legislation.gov.au/C2004A04997/2024-07-01/2024-07-01/text/1/epub/OEBPS/document_2/document_2.html#_Toc171750957,Chapter 23 Residues and waste from the food industries prepared animal fodder,Part 3 Miscellaneous,,Subheading Note
130,https://www.legislation.gov.au/C2004A04997/2024-07-01/2024-07-01/text/1/epub/OEBPS/document_2/document_2.html#_Toc171750958,Chapter 24 Tobacco and manufactured tobacco substitutes products whether or not containing nicotine intended for inhalation without combustion other nicotine containing products intended for the intake of nicotine into the human body,Part 3 Miscellaneous,,
131,https://www.legislation.gov.au/C2004A04997/2024-07-01/2024-07-01/text/1/epub/OEBPS/document_2/document_2.html#_Toc171750959,Chapter 24 Tobacco and manufactured tobacco substitutes products whether or not containing nicotine intended for inhalation without combustion other nicotine containing products intended for the intake of nicotine into the human body,Part 3 Miscellaneous,,Notes
132,https://www.legislation.gov.au/C2004A04997/2024-07-01/2024-07-01/text/1/epub/OEBPS/document_2/document_2.html#_Toc171750960,Chapter 24 Tobacco and manufactured tobacco substitutes products whether or not containing nicotine intended for inhalation without combustion other nicotine containing products intended for the intake of nicotine into the human body,Part 3 Miscellaneous,,Subheading Note
133,https://www.legislation.gov.au/C2004A04997/2024-07-01/2024-07-01/text/1/epub/OEBPS/document_2/document_2.html#_Toc171750961,Chapter 24 Tobacco and manufactured tobacco substitutes products whether or not containing nicotine intended for inhalation without combustion other nicotine containing products intended for the intake of nicotine into the human body,Part 3 Miscellaneous,,Additional Notes
134,https://www.legislation.gov.au/C2004A04997/2024-07-01/2024-07-01/text/1/epub/OEBPS/document_2/document_2.html#_Toc171750962,Chapter 24 Tobacco and manufactured tobacco substitutes products whether or not containing nicotine intended for inhalation without combustion other nicotine containing products intended for the intake of nicotine into the human body,Part 3 Miscellaneous,,Section VMineral products
135,https://www.legislation.gov.au/C2004A04997/2024-07-01/2024-07-01/text/1/epub/OEBPS/document_2/document_2.html#_Toc171750963,Chapter 25 Salt sulphur earths and stone plastering materials lime and cement,Part 3 Miscellaneous,,
136,https://www.legislation.gov.au/C2004A04997/2024-07-01/2024-07-01/text/1/epub/OEBPS/document_2/document_2.html#_Toc171750964,Chapter 25 Salt sulphur earths and stone plastering materials lime and cement,Part 3 Miscellaneous,,Notes
137,https://www.legislation.gov.au/C2004A04997/2024-07-01/2024-07-01/text/1/epub/OEBPS/document_2/document_2.html#_Toc171750965,Chapter 26 Ores slag and ash,Part 3 Miscellaneous,,
138,https://www.legislation.gov.au/C2004A04997/2024-07-01/2024-07-01/text/1/epub/OEBPS/document_2/document_2.html#_Toc171750966,Chapter 26 Ores slag and ash,Part 3 Miscellaneous,,Notes
139,https://www.legislation.gov.au/C2004A04997/2024-07-01/2024-07-01/text/1/epub/OEBPS/document_2/document_2.html#_Toc171750967,Chapter 26 Ores slag and ash,Part 3 Miscellaneous,,Subheading Notes
140,https://www.legislation.gov.au/C2004A04997/2024-07-01/2024-07-01/text/1/epub/OEBPS/document_2/document_2.html#_Toc171750968,Chapter 27 Mineral fuels mineral oils and products of their distillation bituminous substances mineral waxes,Part 3 Miscellaneous,,
141,https://www.legislation.gov.au/C2004A04997/2024-07-01/2024-07-01/text/1/epub/OEBPS/document_2/document_2.html#_Toc171750969,Chapter 27 Mineral fuels mineral oils and products of their distillation bituminous substances mineral waxes,Part 3 Miscellaneous,,Notes
142,https://www.legislation.gov.au/C2004A04997/2024-07-01/2024-07-01/text/1/epub/OEBPS/document_2/document_2.html#_Toc171750970,Chapter 27 Mineral fuels mineral oils and products of their distillation bituminous substances mineral waxes,Part 3 Miscellaneous,,Subheading Notes
143,https://www.legislation.gov.au/C2004A04997/2024-07-01/2024-07-01/text/1/epub/OEBPS/document_2/document_2.html#_Toc171750971,Chapter 27 Mineral fuels mineral oils and products of their distillation bituminous substances mineral waxes,Part 3 Miscellaneous,,Additional Notes
144,https://www.legislation.gov.au/C2004A04997/2024-07-01/2024-07-01/text/1/epub/OEBPS/document_2/document_2.html#_Toc171750972,Chapter 27 Mineral fuels mineral oils and products of their distillation bituminous substances mineral waxes,Part 3 Miscellaneous,,Section VIProducts of the chemical or allied industries
145,https://www.legislation.gov.au/C2004A04997/2024-07-01/2024-07-01/text/1/epub/OEBPS/document_2/document_2.html#_Toc171750973,Chapter 27 Mineral fuels mineral oils and products of their distillation bituminous substances mineral waxes,Part 3 Miscellaneous,,Notes
146,https://www.legislation.gov.au/C2004A04997/2024-07-01/2024-07-01/text/1/epub/OEBPS/document_2/document_2.html#_Toc171750974,Chapter 28 Inorganic chemicals organic or inorganic compounds of precious metals of rare earth metals of radioactive elements or of isotopes,Part 3 Miscellaneous,,
147,https://www.legislation.gov.au/C2004A04997/2024-07-01/2024-07-01/text/1/epub/OEBPS/document_2/document_2.html#_Toc171750975,Chapter 28 Inorganic chemicals organic or inorganic compounds of precious metals of rare earth metals of radioactive elements or of isotopes,Part 3 Miscellaneous,,Notes
148,https://www.legislation.gov.au/C2004A04997/2024-07-01/2024-07-01/text/1/epub/OEBPS/document_2/document_2.html#_Toc171750976,Chapter 28 Inorganic chemicals organic or inorganic compounds of precious metals of rare earth metals of radioactive elements or of isotopes,Part 3 Miscellaneous,,Subheading Note
149,https://www.legislation.gov.au/C2004A04997/2024-07-01/2024-07-01/text/1/epub/OEBPS/document_2/document_2.html#_Toc171750977,Chapter 28 Inorganic chemicals organic or inorganic compounds of precious metals of rare earth metals of radioactive elements or of isotopes,Part 3 Miscellaneous,,Additional Note
150,https://www.legislation.gov.au/C2004A04997/2024-07-01/2024-07-01/text/1/epub/OEBPS/document_2/document_2.html#_Toc171750978,Chapter 28 Inorganic chemicals organic or inorganic compounds of precious metals of rare earth metals of radioactive elements or of isotopes,Part 3 Miscellaneous,,Sub Chapter IChemical elements
151,https://www.legislation.gov.au/C2004A04997/2024-07-01/2024-07-01/text/1/epub/OEBPS/document_2/document_2.html#_Toc171750979,Chapter 28 Inorganic chemicals organic or inorganic compounds of precious metals of rare earth metals of radioactive elements or of isotopes,Part 3 Miscellaneous,,Sub Chapter IIInorganic acids and inorganic oxygen compounds of non metals
152,https://www.legislation.gov.au/C2004A04997/2024-07-01/2024-07-01/text/1/epub/OEBPS/document_2/document_2.html#_Toc171750980,Chapter 28 Inorganic chemicals organic or inorganic compounds of precious metals of rare earth metals of radioactive elements or of isotopes,Part 3 Miscellaneous,,Sub Chapter IIIHalogen or sulphur compounds of non metals
153,https://www.legislation.gov.au/C2004A04997/2024-07-01/2024-07-01/text/1/epub/OEBPS/document_2/document_2.html#_Toc171750981,Chapter 28 Inorganic chemicals organic or inorganic compounds of precious metals of rare earth metals of radioactive elements or of isotopes,Part 3 Miscellaneous,,Sub Chapter IVInorganic bases and oxides hydroxides and peroxides of metal
154,https://www.legislation.gov.au/C2004A04997/2024-07-01/2024-07-01/text/1/epub/OEBPS/document_2/document_2.html#_Toc171750982,Chapter 28 Inorganic chemicals organic or inorganic compounds of precious metals of rare earth metals of radioactive elements or of isotopes,Part 3 Miscellaneous,,Sub Chapter VSalts and peroxysalts of inorganic acids and metals
155,https://www.legislation.gov.au/C2004A04997/2024-07-01/2024-07-01/text/1/epub/OEBPS/document_2/document_2.html#_Toc171750983,Chapter 28 Inorganic chemicals organic or inorganic compounds of precious metals of rare earth metals of radioactive elements or of isotopes,Part 3 Miscellaneous,,Sub Chapter VIMiscellaneous
156,https://www.legislation.gov.au/C2004A04997/2024-07-01/2024-07-01/text/1/epub/OEBPS/document_2/document_2.html#_Toc171750984,Chapter 29 Organic chemicals,Part 3 Miscellaneous,,
157,https://www.legislation.gov.au/C2004A04997/2024-07-01/2024-07-01/text/1/epub/OEBPS/document_2/document_2.html#_Toc171750985,Chapter 29 Organic chemicals,Part 3 Miscellaneous,,Notes
158,https://www.legislation.gov.au/C2004A04997/2024-07-01/2024-07-01/text/1/epub/OEBPS/document_2/document_2.html#_Toc171750986,Chapter 29 Organic chemicals,Part 3 Miscellaneous,,Subheading Notes
159,https://www.legislation.gov.au/C2004A04997/2024-07-01/2024-07-01/text/1/epub/OEBPS/document_2/document_2.html#_Toc171750987,Chapter 29 Organic chemicals,Part 3 Miscellaneous,,Additional Note
160,https://www.legislation.gov.au/C2004A04997/2024-07-01/2024-07-01/text/1/epub/OEBPS/document_2/document_2.html#_Toc171750988,Chapter 29 Organic chemicals,Part 3 Miscellaneous,,Sub Chapter IHydrocarbons and their halogenated sulphonated nitrated or nitrosated derivatives
161,https://www.legislation.gov.au/C2004A04997/2024-07-01/2024-07-01/text/1/epub/OEBPS/document_2/document_2.html#_Toc171750989,Chapter 29 Organic chemicals,Part 3 Miscellaneous,,Sub Chapter IIAlcohols and their halogenated sulphonated nitrated or nitrosated derivatives
162,https://www.legislation.gov.au/C2004A04997/2024-07-01/2024-07-01/text/1/epub/OEBPS/document_2/document_2.html#_Toc171750990,Chapter 29 Organic chemicals,Part 3 Miscellaneous,,Sub Chapter IIIPhenols phenol alcohols and their halogenated sulphonated nitrated or nitrosated derivatives
163,https://www.legislation.gov.au/C2004A04997/2024-07-01/2024-07-01/text/1/epub/OEBPS/document_2/document_2.html#_Toc171750991,Chapter 29 Organic chemicals,Part 3 Miscellaneous,,Sub Chapter IVEthers alcohol peroxides ether peroxides acetal and hemiacetal peroxides ketone peroxides epoxides with a three membered ring acetals and hemiacetals and their halogenated sulphonated nitrated or nitrosated derivatives
164,https://www.legislation.gov.au/C2004A04997/2024-07-01/2024-07-01/text/1/epub/OEBPS/document_2/document_2.html#_Toc171750992,Chapter 29 Organic chemicals,Part 3 Miscellaneous,,Sub Chapter VAldehyde function compounds
165,https://www.legislation.gov.au/C2004A04997/2024-07-01/2024-07-01/text/1/epub/OEBPS/document_2/document_2.html#_Toc171750993,Chapter 29 Organic chemicals,Part 3 Miscellaneous,,Sub Chapter VIKetone function compounds and quinone function compounds
166,https://www.legislation.gov.au/C2004A04997/2024-07-01/2024-07-01/text/1/epub/OEBPS/document_2/document_2.html#_Toc171750994,Chapter 29 Organic chemicals,Part 3 Miscellaneous,,Sub Chapter VIICarboxylic acids and their anhydrides halides peroxides and peroxyacids and their halogenated sulphonated nitrated or nitrosated derivatives
167,https://www.legislation.gov.au/C2004A04997/2024-07-01/2024-07-01/text/1/epub/OEBPS/document_2/document_2.html#_Toc171750995,Chapter 29 Organic chemicals,Part 3 Miscellaneous,,Sub Chapter VIIIEsters of inorganic acids of non metals and their salts and their halogenated sulphonated nitrated or nitrosated derivatives
168,https://www.legislation.gov.au/C2004A04997/2024-07-01/2024-07-01/text/1/epub/OEBPS/document_2/document_2.html#_Toc171750996,Chapter 29 Organic chemicals,Part 3 Miscellaneous,,Sub Chapter IXNitrogen function compounds
169,https://www.legislation.gov.au/C2004A04997/2024-07-01/2024-07-01/text/1/epub/OEBPS/document_2/document_2.html#_Toc171750997,Chapter 29 Organic chemicals,Part 3 Miscellaneous,,Sub Chapter XOrgano inorganic compounds heterocyclic compounds nucleic acids and their salts and sulphonamides
170,https://www.legislation.gov.au/C2004A04997/2024-07-01/2024-07-01/text/1/epub/OEBPS/document_2/document_2.html#_Toc171750998,Chapter 29 Organic chemicals,Part 3 Miscellaneous,,Sub Chapter XIProvitamins vitamins and hormones
171,https://www.legislation.gov.au/C2004A04997/2024-07-01/2024-07-01/text/1/epub/OEBPS/document_2/document_2.html#_Toc171750999,Chapter 29 Organic chemicals,Part 3 Miscellaneous,,Sub Chapter XIIGlycosides and alkaloids natural or reproduced by synthesis and their salts ethers esters and other derivatives
172,https://www.legislation.gov.au/C2004A04997/2024-07-01/2024-07-01/text/1/epub/OEBPS/document_2/document_2.html#_Toc171751000,Chapter 29 Organic chemicals,Part 3 Miscellaneous,,Sub Chapter XIIIOther organic compounds
173,https://www.legislation.gov.au/C2004A04997/2024-07-01/2024-07-01/text/1/epub/OEBPS/document_2/document_2.html#_Toc171751001,Chapter 30 Pharmaceutical products,Part 3 Miscellaneous,,
174,https://www.legislation.gov.au/C2004A04997/2024-07-01/2024-07-01/text/1/epub/OEBPS/document_2/document_2.html#_Toc171751002,Chapter 30 Pharmaceutical products,Part 3 Miscellaneous,,Notes
175,https://www.legislation.gov.au/C2004A04997/2024-07-01/2024-07-01/text/1/epub/OEBPS/document_2/document_2.html#_Toc171751003,Chapter 30 Pharmaceutical products,Part 3 Miscellaneous,,Subheading Notes
176,https://www.legislation.gov.au/C2004A04997/2024-07-01/2024-07-01/text/1/epub/OEBPS/document_2/document_2.html#_Toc171751004,Chapter 30 Pharmaceutical products,Part 3 Miscellaneous,,Additional Notes
177,https://www.legislation.gov.au/C2004A04997/2024-07-01/2024-07-01/text/1/epub/OEBPS/document_2/document_2.html#_Toc171751005,Chapter 31 Fertilisers,Part 3 Miscellaneous,,
178,https://www.legislation.gov.au/C2004A04997/2024-07-01/2024-07-01/text/1/epub/OEBPS/document_2/document_2.html#_Toc171751006,Chapter 31 Fertilisers,Part 3 Miscellaneous,,Notes
179,https://www.legislation.gov.au/C2004A04997/2024-07-01/2024-07-01/text/1/epub/OEBPS/document_2/document_2.html#_Toc171751007,Chapter 32 Tanning or dyeing extracts tannins and their derivatives dyes pigments and other colouring matter paints and varnishes putty and other mastics inks,Part 3 Miscellaneous,,
180,https://www.legislation.gov.au/C2004A04997/2024-07-01/2024-07-01/text/1/epub/OEBPS/document_2/document_2.html#_Toc171751008,Chapter 32 Tanning or dyeing extracts tannins and their derivatives dyes pigments and other colouring matter paints and varnishes putty and other mastics inks,Part 3 Miscellaneous,,Notes
181,https://www.legislation.gov.au/C2004A04997/2024-07-01/2024-07-01/text/1/epub/OEBPS/document_2/document_2.html#_Toc171751009,Chapter 33 Essential oils and resinoids perfumery cosmetic or toilet preparations,Part 3 Miscellaneous,,
182,https://www.legislation.gov.au/C2004A04997/2024-07-01/2024-07-01/text/1/epub/OEBPS/document_2/document_2.html#_Toc171751010,Chapter 33 Essential oils and resinoids perfumery cosmetic or toilet preparations,Part 3 Miscellaneous,,Notes
183,https://www.legislation.gov.au/C2004A04997/2024-07-01/2024-07-01/text/1/epub/OEBPS/document_2/document_2.html#_Toc171751011,Chapter 34 Soap organic surface active agents washing preparations lubricating preparations artificial waxes prepared waxes polishing or scouring preparations candles and similar articles modelling pastes dental waxes and dental preparations with a basis of plaster,Part 3 Miscellaneous,,
184,https://www.legislation.gov.au/C2004A04997/2024-07-01/2024-07-01/text/1/epub/OEBPS/document_2/document_2.html#_Toc171751012,Chapter 34 Soap organic surface active agents washing preparations lubricating preparations artificial waxes prepared waxes polishing or scouring preparations candles and similar articles modelling pastes dental waxes and dental preparations with a basis of plaster,Part 3 Miscellaneous,,Notes
185,https://www.legislation.gov.au/C2004A04997/2024-07-01/2024-07-01/text/1/epub/OEBPS/document_2/document_2.html#_Toc171751013,Chapter 35 Albuminoidal substances modified starches glues enzymes,Part 3 Miscellaneous,,
186,https://www.legislation.gov.au/C2004A04997/2024-07-01/2024-07-01/text/1/epub/OEBPS/document_2/document_2.html#_Toc171751014,Chapter 35 Albuminoidal substances modified starches glues enzymes,Part 3 Miscellaneous,,Notes
187,https://www.legislation.gov.au/C2004A04997/2024-07-01/2024-07-01/text/1/epub/OEBPS/document_2/document_2.html#_Toc171751015,Chapter 36 Explosives pyrotechnic products matches pyrophoric alloys certain combustible preparations,Part 3 Miscellaneous,,
188,https://www.legislation.gov.au/C2004A04997/2024-07-01/2024-07-01/text/1/epub/OEBPS/document_2/document_2.html#_Toc171751016,Chapter 36 Explosives pyrotechnic products matches pyrophoric alloys certain combustible preparations,Part 3 Miscellaneous,,Notes
189,https://www.legislation.gov.au/C2004A04997/2024-07-01/2024-07-01/text/1/epub/OEBPS/document_2/document_2.html#_Toc171751017,Chapter 37 Photographic or cinematographic goods,Part 3 Miscellaneous,,
190,https://www.legislation.gov.au/C2004A04997/2024-07-01/2024-07-01/text/1/epub/OEBPS/document_2/document_2.html#_Toc171751018,Chapter 37 Photographic or cinematographic goods,Part 3 Miscellaneous,,Notes
191,https://www.legislation.gov.au/C2004A04997/2024-07-01/2024-07-01/text/1/epub/OEBPS/document_2/document_2.html#_Toc171751019,Chapter 38 Miscellaneous chemical products,Part 3 Miscellaneous,,
192,https://www.legislation.gov.au/C2004A04997/2024-07-01/2024-07-01/text/1/epub/OEBPS/document_2/document_2.html#_Toc171751020,Chapter 38 Miscellaneous chemical products,Part 3 Miscellaneous,,Notes
193,https://www.legislation.gov.au/C2004A04997/2024-07-01/2024-07-01/text/1/epub/OEBPS/document_2/document_2.html#_Toc171751021,Chapter 38 Miscellaneous chemical products,Part 3 Miscellaneous,,Subheading Notes
194,https://www.legislation.gov.au/C2004A04997/2024-07-01/2024-07-01/text/1/epub/OEBPS/document_2/document_2.html#_Toc171751022,Chapter 38 Miscellaneous chemical products,Part 3 Miscellaneous,,Additional Note
195,https://www.legislation.gov.au/C2004A04997/2024-07-01/2024-07-01/text/1/epub/OEBPS/document_3/document_3.html#_Toc171751528,Chapter 38 Miscellaneous chemical products,Part 3 Miscellaneous,,Schedule 3 Classification of goods and general and special rates of duty
196,https://www.legislation.gov.au/C2004A04997/2024-07-01/2024-07-01/text/1/epub/OEBPS/document_3/document_3.html#_Toc171751529,Chapter 38 Miscellaneous chemical products,Part 3 Miscellaneous,,Section VIIPlastics and articles thereof rubber and articles thereof
197,https://www.legislation.gov.au/C2004A04997/2024-07-01/2024-07-01/text/1/epub/OEBPS/document_3/document_3.html#_Toc171751530,Chapter 38 Miscellaneous chemical products,Part 3 Miscellaneous,,Notes
198,https://www.legislation.gov.au/C2004A04997/2024-07-01/2024-07-01/text/1/epub/OEBPS/document_3/document_3.html#_Toc171751531,Chapter 38 Miscellaneous chemical products,Part 3 Miscellaneous,,Additional Note
199,https://www.legislation.gov.au/C2004A04997/2024-07-01/2024-07-01/text/1/epub/OEBPS/document_3/document_3.html#_Toc171751532,Chapter 39 Plastics and articles thereof,Part 3 Miscellaneous,,
200,https://www.legislation.gov.au/C2004A04997/2024-07-01/2024-07-01/text/1/epub/OEBPS/document_3/document_3.html#_Toc171751533,Chapter 39 Plastics and articles thereof,Part 3 Miscellaneous,,Notes
201,https://www.legislation.gov.au/C2004A04997/2024-07-01/2024-07-01/text/1/epub/OEBPS/document_3/document_3.html#_Toc171751534,Chapter 39 Plastics and articles thereof,Part 3 Miscellaneous,,Subheading Notes
202,https://www.legislation.gov.au/C2004A04997/2024-07-01/2024-07-01/text/1/epub/OEBPS/document_3/document_3.html#_Toc171751535,Chapter 39 Plastics and articles thereof,Part 3 Miscellaneous,,Additional Notes
203,https://www.legislation.gov.au/C2004A04997/2024-07-01/2024-07-01/text/1/epub/OEBPS/document_3/document_3.html#_Toc171751536,Chapter 39 Plastics and articles thereof,Part 3 Miscellaneous,,Sub Chapter IPrimary forms
204,https://www.legislation.gov.au/C2004A04997/2024-07-01/2024-07-01/text/1/epub/OEBPS/document_3/document_3.html#_Toc171751537,Chapter 39 Plastics and articles thereof,Part 3 Miscellaneous,,Sub Chapter IIWaste parings and scrap semi manufactures articles
205,https://www.legislation.gov.au/C2004A04997/2024-07-01/2024-07-01/text/1/epub/OEBPS/document_3/document_3.html#_Toc171751538,Chapter 40 Rubber and articles thereof,Part 3 Miscellaneous,,
206,https://www.legislation.gov.au/C2004A04997/2024-07-01/2024-07-01/text/1/epub/OEBPS/document_3/document_3.html#_Toc171751539,Chapter 40 Rubber and articles thereof,Part 3 Miscellaneous,,Notes
207,https://www.legislation.gov.au/C2004A04997/2024-07-01/2024-07-01/text/1/epub/OEBPS/document_3/document_3.html#_Toc171751540,Chapter 40 Rubber and articles thereof,Part 3 Miscellaneous,,Section VIIIRaw hides and skins leather furskins and articles thereof saddlery and harness travel goods handbags and similar containers articles of animal gut other than silk worm gut
208,https://www.legislation.gov.au/C2004A04997/2024-07-01/2024-07-01/text/1/epub/OEBPS/document_3/document_3.html#_Toc171751541,Chapter 41 Raw hides and skins other than furskins and leather,Part 3 Miscellaneous,,
209,https://www.legislation.gov.au/C2004A04997/2024-07-01/2024-07-01/text/1/epub/OEBPS/document_3/document_3.html#_Toc171751542,Chapter 41 Raw hides and skins other than furskins and leather,Part 3 Miscellaneous,,Notes
210,https://www.legislation.gov.au/C2004A04997/2024-07-01/2024-07-01/text/1/epub/OEBPS/document_3/document_3.html#_Toc171751543,Chapter 42 Articles of leather saddlery and harness travel goods handbags and similar containers articles of animal gut other than silk worm gut,Part 3 Miscellaneous,,
211,https://www.legislation.gov.au/C2004A04997/2024-07-01/2024-07-01/text/1/epub/OEBPS/document_3/document_3.html#_Toc171751544,Chapter 42 Articles of leather saddlery and harness travel goods handbags and similar containers articles of animal gut other than silk worm gut,Part 3 Miscellaneous,,Notes
212,https://www.legislation.gov.au/C2004A04997/2024-07-01/2024-07-01/text/1/epub/OEBPS/document_3/document_3.html#_Toc171751545,Chapter 43 Furskins and artificial fur manufactures thereof,Part 3 Miscellaneous,,
213,https://www.legislation.gov.au/C2004A04997/2024-07-01/2024-07-01/text/1/epub/OEBPS/document_3/document_3.html#_Toc171751546,Chapter 43 Furskins and artificial fur manufactures thereof,Part 3 Miscellaneous,,Notes
214,https://www.legislation.gov.au/C2004A04997/2024-07-01/2024-07-01/text/1/epub/OEBPS/document_3/document_3.html#_Toc171751547,Chapter 43 Furskins and artificial fur manufactures thereof,Part 3 Miscellaneous,,Section IXWood and articles of wood wood charcoal cork and articles of cork manufactures of straw of esparto or of other plaiting materials basketware and wickerwork
215,https://www.legislation.gov.au/C2004A04997/2024-07-01/2024-07-01/text/1/epub/OEBPS/document_3/document_3.html#_Toc171751548,Chapter 44 Wood and articles of wood wood charcoal,Part 3 Miscellaneous,,
216,https://www.legislation.gov.au/C2004A04997/2024-07-01/2024-07-01/text/1/epub/OEBPS/document_3/document_3.html#_Toc171751549,Chapter 44 Wood and articles of wood wood charcoal,Part 3 Miscellaneous,,Notes
217,https://www.legislation.gov.au/C2004A04997/2024-07-01/2024-07-01/text/1/epub/OEBPS/document_3/document_3.html#_Toc171751550,Chapter 44 Wood and articles of wood wood charcoal,Part 3 Miscellaneous,,Subheading Notes
218,https://www.legislation.gov.au/C2004A04997/2024-07-01/2024-07-01/text/1/epub/OEBPS/document_3/document_3.html#_Toc171751551,Chapter 44 Wood and articles of wood wood charcoal,Part 3 Miscellaneous,,Additional Notes
219,https://www.legislation.gov.au/C2004A04997/2024-07-01/2024-07-01/text/1/epub/OEBPS/document_3/document_3.html#_Toc171751552,Chapter 45 Cork and articles of cork,Part 3 Miscellaneous,,
220,https://www.legislation.gov.au/C2004A04997/2024-07-01/2024-07-01/text/1/epub/OEBPS/document_3/document_3.html#_Toc171751553,Chapter 45 Cork and articles of cork,Part 3 Miscellaneous,,Note
221,https://www.legislation.gov.au/C2004A04997/2024-07-01/2024-07-01/text/1/epub/OEBPS/document_3/document_3.html#_Toc171751554,Chapter 46 Manufactures of straw of esparto or of other plaiting materials basketware and wickerwork,Part 3 Miscellaneous,,
222,https://www.legislation.gov.au/C2004A04997/2024-07-01/2024-07-01/text/1/epub/OEBPS/document_3/document_3.html#_Toc171751555,Chapter 46 Manufactures of straw of esparto or of other plaiting materials basketware and wickerwork,Part 3 Miscellaneous,,Notes
223,https://www.legislation.gov.au/C2004A04997/2024-07-01/2024-07-01/text/1/epub/OEBPS/document_3/document_3.html#_Toc171751556,Chapter 46 Manufactures of straw of esparto or of other plaiting materials basketware and wickerwork,Part 3 Miscellaneous,,Section XPulp of wood or of other fibrous cellulosic material recovered waste and scrap paper or paperboard paper and paperboard and articles thereof
224,https://www.legislation.gov.au/C2004A04997/2024-07-01/2024-07-01/text/1/epub/OEBPS/document_3/document_3.html#_Toc171751557,Chapter 47 Pulp of wood or of other fibrous cellulosic material recovered waste and scrap paper or paperboard,Part 3 Miscellaneous,,
225,https://www.legislation.gov.au/C2004A04997/2024-07-01/2024-07-01/text/1/epub/OEBPS/document_3/document_3.html#_Toc171751558,Chapter 47 Pulp of wood or of other fibrous cellulosic material recovered waste and scrap paper or paperboard,Part 3 Miscellaneous,,Note
226,https://www.legislation.gov.au/C2004A04997/2024-07-01/2024-07-01/text/1/epub/OEBPS/document_3/document_3.html#_Toc171751559,Chapter 48 Paper and paperboard articles of paper pulp of paper or of paperboard,Part 3 Miscellaneous,,
227,https://www.legislation.gov.au/C2004A04997/2024-07-01/2024-07-01/text/1/epub/OEBPS/document_3/document_3.html#_Toc171751560,Chapter 48 Paper and paperboard articles of paper pulp of paper or of paperboard,Part 3 Miscellaneous,,Notes
228,https://www.legislation.gov.au/C2004A04997/2024-07-01/2024-07-01/text/1/epub/OEBPS/document_3/document_3.html#_Toc171751561,Chapter 48 Paper and paperboard articles of paper pulp of paper or of paperboard,Part 3 Miscellaneous,,Subheading Notes
229,https://www.legislation.gov.au/C2004A04997/2024-07-01/2024-07-01/text/1/epub/OEBPS/document_3/document_3.html#_Toc171751562,Chapter 48 Paper and paperboard articles of paper pulp of paper or of paperboard,Part 3 Miscellaneous,,Additional Notes
230,https://www.legislation.gov.au/C2004A04997/2024-07-01/2024-07-01/text/1/epub/OEBPS/document_3/document_3.html#_Toc171751563,Chapter 49 Printed books newspapers pictures and other products of the printing industry manuscripts typescripts and plans,Part 3 Miscellaneous,,
231,https://www.legislation.gov.au/C2004A04997/2024-07-01/2024-07-01/text/1/epub/OEBPS/document_3/document_3.html#_Toc171751564,Chapter 49 Printed books newspapers pictures and other products of the printing industry manuscripts typescripts and plans,Part 3 Miscellaneous,,Notes
232,https://www.legislation.gov.au/C2004A04997/2024-07-01/2024-07-01/text/1/epub/OEBPS/document_3/document_3.html#_Toc171751565,Chapter 49 Printed books newspapers pictures and other products of the printing industry manuscripts typescripts and plans,Part 3 Miscellaneous,,Section XITextiles and textile articles
233,https://www.legislation.gov.au/C2004A04997/2024-07-01/2024-07-01/text/1/epub/OEBPS/document_3/document_3.html#_Toc171751566,Chapter 49 Printed books newspapers pictures and other products of the printing industry manuscripts typescripts and plans,Part 3 Miscellaneous,,Notes
234,https://www.legislation.gov.au/C2004A04997/2024-07-01/2024-07-01/text/1/epub/OEBPS/document_3/document_3.html#_Toc171751567,Chapter 49 Printed books newspapers pictures and other products of the printing industry manuscripts typescripts and plans,Part 3 Miscellaneous,,Subheading Notes
235,https://www.legislation.gov.au/C2004A04997/2024-07-01/2024-07-01/text/1/epub/OEBPS/document_3/document_3.html#_Toc171751568,Chapter 49 Printed books newspapers pictures and other products of the printing industry manuscripts typescripts and plans,Part 3 Miscellaneous,,Additional Notes
236,https://www.legislation.gov.au/C2004A04997/2024-07-01/2024-07-01/text/1/epub/OEBPS/document_3/document_3.html#_Toc171751569,Chapter 50 Silk,Part 3 Miscellaneous,,
237,https://www.legislation.gov.au/C2004A04997/2024-07-01/2024-07-01/text/1/epub/OEBPS/document_3/document_3.html#_Toc171751570,Chapter 51 Wool fine or coarse animal hair horsehair yarn and woven fabric,Part 3 Miscellaneous,,
238,https://www.legislation.gov.au/C2004A04997/2024-07-01/2024-07-01/text/1/epub/OEBPS/document_3/document_3.html#_Toc171751571,Chapter 51 Wool fine or coarse animal hair horsehair yarn and woven fabric,Part 3 Miscellaneous,,Note
239,https://www.legislation.gov.au/C2004A04997/2024-07-01/2024-07-01/text/1/epub/OEBPS/document_3/document_3.html#_Toc171751572,Chapter 52 Cotton,Part 3 Miscellaneous,,
240,https://www.legislation.gov.au/C2004A04997/2024-07-01/2024-07-01/text/1/epub/OEBPS/document_3/document_3.html#_Toc171751573,Chapter 52 Cotton,Part 3 Miscellaneous,,Subheading Note
241,https://www.legislation.gov.au/C2004A04997/2024-07-01/2024-07-01/text/1/epub/OEBPS/document_3/document_3.html#_Toc171751574,Chapter 53 Other vegetable textile fibres paper yarn and woven fabrics of paper yarn,Part 3 Miscellaneous,,
242,https://www.legislation.gov.au/C2004A04997/2024-07-01/2024-07-01/text/1/epub/OEBPS/document_3/document_3.html#_Toc171751575,Chapter 54 Man made filaments strip and the like of man made textile materials,Part 3 Miscellaneous,,
243,https://www.legislation.gov.au/C2004A04997/2024-07-01/2024-07-01/text/1/epub/OEBPS/document_3/document_3.html#_Toc171751576,Chapter 54 Man made filaments strip and the like of man made textile materials,Part 3 Miscellaneous,,Notes
244,https://www.legislation.gov.au/C2004A04997/2024-07-01/2024-07-01/text/1/epub/OEBPS/document_3/document_3.html#_Toc171751577,Chapter 55 Man made staple fibres,Part 3 Miscellaneous,,
245,https://www.legislation.gov.au/C2004A04997/2024-07-01/2024-07-01/text/1/epub/OEBPS/document_3/document_3.html#_Toc171751578,Chapter 55 Man made staple fibres,Part 3 Miscellaneous,,Note
246,https://www.legislation.gov.au/C2004A04997/2024-07-01/2024-07-01/text/1/epub/OEBPS/document_3/document_3.html#_Toc171751579,Chapter 56 Wadding felt and nonwovens special yarns twine cordage ropes and cables and articles thereof,Part 3 Miscellaneous,,
247,https://www.legislation.gov.au/C2004A04997/2024-07-01/2024-07-01/text/1/epub/OEBPS/document_3/document_3.html#_Toc171751580,Chapter 56 Wadding felt and nonwovens special yarns twine cordage ropes and cables and articles thereof,Part 3 Miscellaneous,,Notes
248,https://www.legislation.gov.au/C2004A04997/2024-07-01/2024-07-01/text/1/epub/OEBPS/document_3/document_3.html#_Toc171751581,Chapter 57 Carpets and other textile floor coverings,Part 3 Miscellaneous,,
249,https://www.legislation.gov.au/C2004A04997/2024-07-01/2024-07-01/text/1/epub/OEBPS/document_3/document_3.html#_Toc171751582,Chapter 57 Carpets and other textile floor coverings,Part 3 Miscellaneous,,Notes
250,https://www.legislation.gov.au/C2004A04997/2024-07-01/2024-07-01/text/1/epub/OEBPS/document_3/document_3.html#_Toc171751583,Chapter 57 Carpets and other textile floor coverings,Part 3 Miscellaneous,,Additional Notes
251,https://www.legislation.gov.au/C2004A04997/2024-07-01/2024-07-01/text/1/epub/OEBPS/document_3/document_3.html#_Toc171751584,Chapter 58 Special woven fabrics tufted textile fabrics lace tapestries trimmings embroidery,Part 3 Miscellaneous,,
252,https://www.legislation.gov.au/C2004A04997/2024-07-01/2024-07-01/text/1/epub/OEBPS/document_3/document_3.html#_Toc171751585,Chapter 58 Special woven fabrics tufted textile fabrics lace tapestries trimmings embroidery,Part 3 Miscellaneous,,Notes
253,https://www.legislation.gov.au/C2004A04997/2024-07-01/2024-07-01/text/1/epub/OEBPS/document_3/document_3.html#_Toc171751586,Chapter 58 Special woven fabrics tufted textile fabrics lace tapestries trimmings embroidery,Part 3 Miscellaneous,,Additional Note
254,https://www.legislation.gov.au/C2004A04997/2024-07-01/2024-07-01/text/1/epub/OEBPS/document_3/document_3.html#_Toc171751587,Chapter 59 Impregnated coated covered or laminated textile fabrics textile articles of a kind suitable for industrial use,Part 3 Miscellaneous,,
255,https://www.legislation.gov.au/C2004A04997/2024-07-01/2024-07-01/text/1/epub/OEBPS/document_3/document_3.html#_Toc171751588,Chapter 59 Impregnated coated covered or laminated textile fabrics textile articles of a kind suitable for industrial use,Part 3 Miscellaneous,,Notes
256,https://www.legislation.gov.au/C2004A04997/2024-07-01/2024-07-01/text/1/epub/OEBPS/document_4/document_4.html#_Toc171751991,Chapter 59 Impregnated coated covered or laminated textile fabrics textile articles of a kind suitable for industrial use,Part 3 Miscellaneous,,Schedule 3 Classification of goods and general and special rates of duty
257,https://www.legislation.gov.au/C2004A04997/2024-07-01/2024-07-01/text/1/epub/OEBPS/document_4/document_4.html#_Toc171751992,Chapter 59 Impregnated coated covered or laminated textile fabrics textile articles of a kind suitable for industrial use,Part 3 Miscellaneous,,Section XITextiles and textile articles
258,https://www.legislation.gov.au/C2004A04997/2024-07-01/2024-07-01/text/1/epub/OEBPS/document_4/document_4.html#_Toc171751993,Chapter 60 Knitted or crocheted fabrics,Part 3 Miscellaneous,,
259,https://www.legislation.gov.au/C2004A04997/2024-07-01/2024-07-01/text/1/epub/OEBPS/document_4/document_4.html#_Toc171751994,Chapter 60 Knitted or crocheted fabrics,Part 3 Miscellaneous,,Notes
260,https://www.legislation.gov.au/C2004A04997/2024-07-01/2024-07-01/text/1/epub/OEBPS/document_4/document_4.html#_Toc171751995,Chapter 60 Knitted or crocheted fabrics,Part 3 Miscellaneous,,Subheading Note
261,https://www.legislation.gov.au/C2004A04997/2024-07-01/2024-07-01/text/1/epub/OEBPS/document_4/document_4.html#_Toc171751996,Chapter 61 Articles of apparel and clothing accessories knitted or crocheted,Part 3 Miscellaneous,,
262,https://www.legislation.gov.au/C2004A04997/2024-07-01/2024-07-01/text/1/epub/OEBPS/document_4/document_4.html#_Toc171751997,Chapter 61 Articles of apparel and clothing accessories knitted or crocheted,Part 3 Miscellaneous,,Notes
263,https://www.legislation.gov.au/C2004A04997/2024-07-01/2024-07-01/text/1/epub/OEBPS/document_4/document_4.html#_Toc171751998,Chapter 61 Articles of apparel and clothing accessories knitted or crocheted,Part 3 Miscellaneous,,Additional Note
264,https://www.legislation.gov.au/C2004A04997/2024-07-01/2024-07-01/text/1/epub/OEBPS/document_4/document_4.html#_Toc171751999,Chapter 62 Articles of apparel and clothing accessories not knitted or crocheted,Part 3 Miscellaneous,,
265,https://www.legislation.gov.au/C2004A04997/2024-07-01/2024-07-01/text/1/epub/OEBPS/document_4/document_4.html#_Toc171752000,Chapter 62 Articles of apparel and clothing accessories not knitted or crocheted,Part 3 Miscellaneous,,Notes
266,https://www.legislation.gov.au/C2004A04997/2024-07-01/2024-07-01/text/1/epub/OEBPS/document_4/document_4.html#_Toc171752001,Chapter 62 Articles of apparel and clothing accessories not knitted or crocheted,Part 3 Miscellaneous,,Additional Note
267,https://www.legislation.gov.au/C2004A04997/2024-07-01/2024-07-01/text/1/epub/OEBPS/document_4/document_4.html#_Toc171752002,Chapter 63 Other made up textile articles sets worn clothing and worn textile articles rags,Part 3 Miscellaneous,,
268,https://www.legislation.gov.au/C2004A04997/2024-07-01/2024-07-01/text/1/epub/OEBPS/document_4/document_4.html#_Toc171752003,Chapter 63 Other made up textile articles sets worn clothing and worn textile articles rags,Part 3 Miscellaneous,,Notes
269,https://www.legislation.gov.au/C2004A04997/2024-07-01/2024-07-01/text/1/epub/OEBPS/document_4/document_4.html#_Toc171752004,Chapter 63 Other made up textile articles sets worn clothing and worn textile articles rags,Part 3 Miscellaneous,,Subheading Note
270,https://www.legislation.gov.au/C2004A04997/2024-07-01/2024-07-01/text/1/epub/OEBPS/document_4/document_4.html#_Toc171752005,Chapter 63 Other made up textile articles sets worn clothing and worn textile articles rags,Part 3 Miscellaneous,,Sub Chapter IOther made up textile articles
271,https://www.legislation.gov.au/C2004A04997/2024-07-01/2024-07-01/text/1/epub/OEBPS/document_4/document_4.html#_Toc171752006,Chapter 63 Other made up textile articles sets worn clothing and worn textile articles rags,Part 3 Miscellaneous,,Sub Chapter IISets
272,https://www.legislation.gov.au/C2004A04997/2024-07-01/2024-07-01/text/1/epub/OEBPS/document_4/document_4.html#_Toc171752007,Chapter 63 Other made up textile articles sets worn clothing and worn textile articles rags,Part 3 Miscellaneous,,Sub Chapter IIIWorn clothing and worn textile articles rags
273,https://www.legislation.gov.au/C2004A04997/2024-07-01/2024-07-01/text/1/epub/OEBPS/document_4/document_4.html#_Toc171752008,Chapter 63 Other made up textile articles sets worn clothing and worn textile articles rags,Part 3 Miscellaneous,,Section XIIFootwear headgear umbrellas sun umbrellas walking sticks seat sticks whips riding crops and parts thereof prepared feathers and articles made therewith artificial flowers articles of human hair
274,https://www.legislation.gov.au/C2004A04997/2024-07-01/2024-07-01/text/1/epub/OEBPS/document_4/document_4.html#_Toc171752009,Chapter 64 Footwear gaiters and the like parts of such articles,Part 3 Miscellaneous,,
275,https://www.legislation.gov.au/C2004A04997/2024-07-01/2024-07-01/text/1/epub/OEBPS/document_4/document_4.html#_Toc171752010,Chapter 64 Footwear gaiters and the like parts of such articles,Part 3 Miscellaneous,,Notes
276,https://www.legislation.gov.au/C2004A04997/2024-07-01/2024-07-01/text/1/epub/OEBPS/document_4/document_4.html#_Toc171752011,Chapter 64 Footwear gaiters and the like parts of such articles,Part 3 Miscellaneous,,Subheading Note
277,https://www.legislation.gov.au/C2004A04997/2024-07-01/2024-07-01/text/1/epub/OEBPS/document_4/document_4.html#_Toc171752012,Chapter 65 Headgear and parts thereof,Part 3 Miscellaneous,,
278,https://www.legislation.gov.au/C2004A04997/2024-07-01/2024-07-01/text/1/epub/OEBPS/document_4/document_4.html#_Toc171752013,Chapter 65 Headgear and parts thereof,Part 3 Miscellaneous,,Notes
279,https://www.legislation.gov.au/C2004A04997/2024-07-01/2024-07-01/text/1/epub/OEBPS/document_4/document_4.html#_Toc171752014,Chapter 66 Umbrellas sun umbrellas walking sticks seat sticks whips riding crops and parts thereof,Part 3 Miscellaneous,,
280,https://www.legislation.gov.au/C2004A04997/2024-07-01/2024-07-01/text/1/epub/OEBPS/document_4/document_4.html#_Toc171752015,Chapter 66 Umbrellas sun umbrellas walking sticks seat sticks whips riding crops and parts thereof,Part 3 Miscellaneous,,Notes
281,https://www.legislation.gov.au/C2004A04997/2024-07-01/2024-07-01/text/1/epub/OEBPS/document_4/document_4.html#_Toc171752016,Chapter 67 Prepared feathers and down and articles made of feathers or of down artificial flowers articles of human hair,Part 3 Miscellaneous,,
282,https://www.legislation.gov.au/C2004A04997/2024-07-01/2024-07-01/text/1/epub/OEBPS/document_4/document_4.html#_Toc171752017,Chapter 67 Prepared feathers and down and articles made of feathers or of down artificial flowers articles of human hair,Part 3 Miscellaneous,,Notes
283,https://www.legislation.gov.au/C2004A04997/2024-07-01/2024-07-01/text/1/epub/OEBPS/document_4/document_4.html#_Toc171752018,Chapter 67 Prepared feathers and down and articles made of feathers or of down artificial flowers articles of human hair,Part 3 Miscellaneous,,Section XIIIArticles of stone plaster cement asbestos mica or similar materials ceramic products glass and glassware
284,https://www.legislation.gov.au/C2004A04997/2024-07-01/2024-07-01/text/1/epub/OEBPS/document_4/document_4.html#_Toc171752019,Chapter 68 Articles of stone plaster cement asbestos mica or similar materials,Part 3 Miscellaneous,,
285,https://www.legislation.gov.au/C2004A04997/2024-07-01/2024-07-01/text/1/epub/OEBPS/document_4/document_4.html#_Toc171752020,Chapter 68 Articles of stone plaster cement asbestos mica or similar materials,Part 3 Miscellaneous,,Notes
286,https://www.legislation.gov.au/C2004A04997/2024-07-01/2024-07-01/text/1/epub/OEBPS/document_4/document_4.html#_Toc171752021,Chapter 69 Ceramic products,Part 3 Miscellaneous,,
287,https://www.legislation.gov.au/C2004A04997/2024-07-01/2024-07-01/text/1/epub/OEBPS/document_4/document_4.html#_Toc171752022,Chapter 69 Ceramic products,Part 3 Miscellaneous,,Notes
288,https://www.legislation.gov.au/C2004A04997/2024-07-01/2024-07-01/text/1/epub/OEBPS/document_4/document_4.html#_Toc171752023,Chapter 69 Ceramic products,Part 3 Miscellaneous,,Sub Chapter IGoods of siliceous fossil meals or of similar siliceous earths and refractory goods
289,https://www.legislation.gov.au/C2004A04997/2024-07-01/2024-07-01/text/1/epub/OEBPS/document_4/document_4.html#_Toc171752024,Chapter 69 Ceramic products,Part 3 Miscellaneous,,Sub Chapter IIOther ceramic products
290,https://www.legislation.gov.au/C2004A04997/2024-07-01/2024-07-01/text/1/epub/OEBPS/document_4/document_4.html#_Toc171752025,Chapter 70 Glass and glassware,Part 3 Miscellaneous,,
291,https://www.legislation.gov.au/C2004A04997/2024-07-01/2024-07-01/text/1/epub/OEBPS/document_4/document_4.html#_Toc171752026,Chapter 70 Glass and glassware,Part 3 Miscellaneous,,Notes
292,https://www.legislation.gov.au/C2004A04997/2024-07-01/2024-07-01/text/1/epub/OEBPS/document_4/document_4.html#_Toc171752027,Chapter 70 Glass and glassware,Part 3 Miscellaneous,,Subheading Note
293,https://www.legislation.gov.au/C2004A04997/2024-07-01/2024-07-01/text/1/epub/OEBPS/document_4/document_4.html#_Toc171752028,Chapter 70 Glass and glassware,Part 3 Miscellaneous,,Section XIVNatural or cultured pearls precious or semi precious stones precious metals metals clad with precious metal and articles thereof imitation jewellery coin
294,https://www.legislation.gov.au/C2004A04997/2024-07-01/2024-07-01/text/1/epub/OEBPS/document_4/document_4.html#_Toc171752029,Chapter 71 Natural or cultured pearls precious or semi precious stones precious metals metals clad with precious metal and articles thereof imitation jewellery coin,Part 3 Miscellaneous,,
295,https://www.legislation.gov.au/C2004A04997/2024-07-01/2024-07-01/text/1/epub/OEBPS/document_4/document_4.html#_Toc171752030,Chapter 71 Natural or cultured pearls precious or semi precious stones precious metals metals clad with precious metal and articles thereof imitation jewellery coin,Part 3 Miscellaneous,,Notes
296,https://www.legislation.gov.au/C2004A04997/2024-07-01/2024-07-01/text/1/epub/OEBPS/document_4/document_4.html#_Toc171752031,Chapter 71 Natural or cultured pearls precious or semi precious stones precious metals metals clad with precious metal and articles thereof imitation jewellery coin,Part 3 Miscellaneous,,Subheading Notes
297,https://www.legislation.gov.au/C2004A04997/2024-07-01/2024-07-01/text/1/epub/OEBPS/document_4/document_4.html#_Toc171752032,Chapter 71 Natural or cultured pearls precious or semi precious stones precious metals metals clad with precious metal and articles thereof imitation jewellery coin,Part 3 Miscellaneous,,Sub Chapter INatural or cultured pearls and precious or semi precious stones
298,https://www.legislation.gov.au/C2004A04997/2024-07-01/2024-07-01/text/1/epub/OEBPS/document_4/document_4.html#_Toc171752033,Chapter 71 Natural or cultured pearls precious or semi precious stones precious metals metals clad with precious metal and articles thereof imitation jewellery coin,Part 3 Miscellaneous,,Sub Chapter IIPrecious metals and metals clad with precious metal
299,https://www.legislation.gov.au/C2004A04997/2024-07-01/2024-07-01/text/1/epub/OEBPS/document_4/document_4.html#_Toc171752034,Chapter 71 Natural or cultured pearls precious or semi precious stones precious metals metals clad with precious metal and articles thereof imitation jewellery coin,Part 3 Miscellaneous,,Sub Chapter IIIJewellery goldsmiths and silversmiths wares and other articles
300,https://www.legislation.gov.au/C2004A04997/2024-07-01/2024-07-01/text/1/epub/OEBPS/document_4/document_4.html#_Toc171752035,Chapter 71 Natural or cultured pearls precious or semi precious stones precious metals metals clad with precious metal and articles thereof imitation jewellery coin,Part 3 Miscellaneous,,Section XVBase metals and articles of base metal
301,https://www.legislation.gov.au/C2004A04997/2024-07-01/2024-07-01/text/1/epub/OEBPS/document_4/document_4.html#_Toc171752036,Chapter 71 Natural or cultured pearls precious or semi precious stones precious metals metals clad with precious metal and articles thereof imitation jewellery coin,Part 3 Miscellaneous,,Notes
302,https://www.legislation.gov.au/C2004A04997/2024-07-01/2024-07-01/text/1/epub/OEBPS/document_4/document_4.html#_Toc171752037,Chapter 72 Iron and steel,Part 3 Miscellaneous,,
303,https://www.legislation.gov.au/C2004A04997/2024-07-01/2024-07-01/text/1/epub/OEBPS/document_4/document_4.html#_Toc171752038,Chapter 72 Iron and steel,Part 3 Miscellaneous,,Notes
304,https://www.legislation.gov.au/C2004A04997/2024-07-01/2024-07-01/text/1/epub/OEBPS/document_4/document_4.html#_Toc171752039,Chapter 72 Iron and steel,Part 3 Miscellaneous,,Subheading Notes
305,https://www.legislation.gov.au/C2004A04997/2024-07-01/2024-07-01/text/1/epub/OEBPS/document_4/document_4.html#_Toc171752040,Chapter 72 Iron and steel,Part 3 Miscellaneous,,Additional Note
306,https://www.legislation.gov.au/C2004A04997/2024-07-01/2024-07-01/text/1/epub/OEBPS/document_4/document_4.html#_Toc171752041,Chapter 72 Iron and steel,Part 3 Miscellaneous,,Sub Chapter IPrimary materials products in granular or powder form
307,https://www.legislation.gov.au/C2004A04997/2024-07-01/2024-07-01/text/1/epub/OEBPS/document_4/document_4.html#_Toc171752042,Chapter 72 Iron and steel,Part 3 Miscellaneous,,Sub Chapter IIIron and non alloy steel
308,https://www.legislation.gov.au/C2004A04997/2024-07-01/2024-07-01/text/1/epub/OEBPS/document_4/document_4.html#_Toc171752043,Chapter 72 Iron and steel,Part 3 Miscellaneous,,Sub Chapter IIIStainless steel
309,https://www.legislation.gov.au/C2004A04997/2024-07-01/2024-07-01/text/1/epub/OEBPS/document_4/document_4.html#_Toc171752044,Chapter 72 Iron and steel,Part 3 Miscellaneous,,Sub Chapter IVOther alloy steel hollow drill bars and rods of alloy or non alloy steel
310,https://www.legislation.gov.au/C2004A04997/2024-07-01/2024-07-01/text/1/epub/OEBPS/document_4/document_4.html#_Toc171752045,Chapter 73 Articles of iron or steel,Part 3 Miscellaneous,,
311,https://www.legislation.gov.au/C2004A04997/2024-07-01/2024-07-01/text/1/epub/OEBPS/document_4/document_4.html#_Toc171752046,Chapter 73 Articles of iron or steel,Part 3 Miscellaneous,,Notes
312,https://www.legislation.gov.au/C2004A04997/2024-07-01/2024-07-01/text/1/epub/OEBPS/document_4/document_4.html#_Toc171752047,Chapter 73 Articles of iron or steel,Part 3 Miscellaneous,,Additional Notes
313,https://www.legislation.gov.au/C2004A04997/2024-07-01/2024-07-01/text/1/epub/OEBPS/document_5/document_5.html#_Toc171753160,Chapter 73 Articles of iron or steel,Part 3 Miscellaneous,,Schedule 3 Classification of goods and general and special rates of duty
314,https://www.legislation.gov.au/C2004A04997/2024-07-01/2024-07-01/text/1/epub/OEBPS/document_5/document_5.html#_Toc171753161,Chapter 73 Articles of iron or steel,Part 3 Miscellaneous,,Section XVBase metals and articles of base metal
315,https://www.legislation.gov.au/C2004A04997/2024-07-01/2024-07-01/text/1/epub/OEBPS/document_5/document_5.html#_Toc171753162,Chapter 74 Copper and articles thereof,Part 3 Miscellaneous,,
316,https://www.legislation.gov.au/C2004A04997/2024-07-01/2024-07-01/text/1/epub/OEBPS/document_5/document_5.html#_Toc171753163,Chapter 74 Copper and articles thereof,Part 3 Miscellaneous,,Note
317,https://www.legislation.gov.au/C2004A04997/2024-07-01/2024-07-01/text/1/epub/OEBPS/document_5/document_5.html#_Toc171753164,Chapter 74 Copper and articles thereof,Part 3 Miscellaneous,,Subheading Note
318,https://www.legislation.gov.au/C2004A04997/2024-07-01/2024-07-01/text/1/epub/OEBPS/document_5/document_5.html#_Toc171753165,Chapter 75 Nickel and articles thereof,Part 3 Miscellaneous,,
319,https://www.legislation.gov.au/C2004A04997/2024-07-01/2024-07-01/text/1/epub/OEBPS/document_5/document_5.html#_Toc171753166,Chapter 75 Nickel and articles thereof,Part 3 Miscellaneous,,Subheading Notes
320,https://www.legislation.gov.au/C2004A04997/2024-07-01/2024-07-01/text/1/epub/OEBPS/document_5/document_5.html#_Toc171753167,Chapter 76 Aluminium and articles thereof,Part 3 Miscellaneous,,
321,https://www.legislation.gov.au/C2004A04997/2024-07-01/2024-07-01/text/1/epub/OEBPS/document_5/document_5.html#_Toc171753168,Chapter 76 Aluminium and articles thereof,Part 3 Miscellaneous,,Subheading Notes
322,https://www.legislation.gov.au/C2004A04997/2024-07-01/2024-07-01/text/1/epub/OEBPS/document_5/document_5.html#_Toc171753169,Chapter 76 Aluminium and articles thereof,Part 3 Miscellaneous,,Additional Note
323,https://www.legislation.gov.au/C2004A04997/2024-07-01/2024-07-01/text/1/epub/OEBPS/document_5/document_5.html#_Toc171753170,Chapter 78 Lead and articles thereof,Part 3 Miscellaneous,,
324,https://www.legislation.gov.au/C2004A04997/2024-07-01/2024-07-01/text/1/epub/OEBPS/document_5/document_5.html#_Toc171753171,Chapter 78 Lead and articles thereof,Part 3 Miscellaneous,,Subheading Note
325,https://www.legislation.gov.au/C2004A04997/2024-07-01/2024-07-01/text/1/epub/OEBPS/document_5/document_5.html#_Toc171753172,Chapter 79 Zinc and articles thereof,Part 3 Miscellaneous,,
326,https://www.legislation.gov.au/C2004A04997/2024-07-01/2024-07-01/text/1/epub/OEBPS/document_5/document_5.html#_Toc171753173,Chapter 79 Zinc and articles thereof,Part 3 Miscellaneous,,Subheading Note
327,https://www.legislation.gov.au/C2004A04997/2024-07-01/2024-07-01/text/1/epub/OEBPS/document_5/document_5.html#_Toc171753174,Chapter 80 Tin and articles thereof,Part 3 Miscellaneous,,
328,https://www.legislation.gov.au/C2004A04997/2024-07-01/2024-07-01/text/1/epub/OEBPS/document_5/document_5.html#_Toc171753175,Chapter 80 Tin and articles thereof,Part 3 Miscellaneous,,Subheading Note
329,https://www.legislation.gov.au/C2004A04997/2024-07-01/2024-07-01/text/1/epub/OEBPS/document_5/document_5.html#_Toc171753176,Chapter 81 Other base metals cermets articles thereof,Part 3 Miscellaneous,,
330,https://www.legislation.gov.au/C2004A04997/2024-07-01/2024-07-01/text/1/epub/OEBPS/document_5/document_5.html#_Toc171753177,Chapter 82 Tools implements cutlery spoons and forks of base metal parts thereof of base metal,Part 3 Miscellaneous,,
331,https://www.legislation.gov.au/C2004A04997/2024-07-01/2024-07-01/text/1/epub/OEBPS/document_5/document_5.html#_Toc171753178,Chapter 82 Tools implements cutlery spoons and forks of base metal parts thereof of base metal,Part 3 Miscellaneous,,Notes
332,https://www.legislation.gov.au/C2004A04997/2024-07-01/2024-07-01/text/1/epub/OEBPS/document_5/document_5.html#_Toc171753179,Chapter 83 Miscellaneous articles of base metal,Part 3 Miscellaneous,,
333,https://www.legislation.gov.au/C2004A04997/2024-07-01/2024-07-01/text/1/epub/OEBPS/document_5/document_5.html#_Toc171753180,Chapter 83 Miscellaneous articles of base metal,Part 3 Miscellaneous,,Notes
334,https://www.legislation.gov.au/C2004A04997/2024-07-01/2024-07-01/text/1/epub/OEBPS/document_5/document_5.html#_Toc171753181,Chapter 83 Miscellaneous articles of base metal,Part 3 Miscellaneous,,Additional Note
335,https://www.legislation.gov.au/C2004A04997/2024-07-01/2024-07-01/text/1/epub/OEBPS/document_5/document_5.html#_Toc171753182,Chapter 83 Miscellaneous articles of base metal,Part 3 Miscellaneous,,Section XVIMachinery and mechanical appliances electrical equipment parts thereof sound recorders and reproducers television image and sound recorders and reproducers and parts and accessories of such articles
336,https://www.legislation.gov.au/C2004A04997/2024-07-01/2024-07-01/text/1/epub/OEBPS/document_5/document_5.html#_Toc171753183,Chapter 83 Miscellaneous articles of base metal,Part 3 Miscellaneous,,Notes
337,https://www.legislation.gov.au/C2004A04997/2024-07-01/2024-07-01/text/1/epub/OEBPS/document_5/document_5.html#_Toc171753184,Chapter 83 Miscellaneous articles of base metal,Part 3 Miscellaneous,,Additional Notes
338,https://www.legislation.gov.au/C2004A04997/2024-07-01/2024-07-01/text/1/epub/OEBPS/document_5/document_5.html#_Toc171753185,Chapter 84 Nuclear reactors boilers machinery and mechanical appliances parts thereof,Part 3 Miscellaneous,,
339,https://www.legislation.gov.au/C2004A04997/2024-07-01/2024-07-01/text/1/epub/OEBPS/document_5/document_5.html#_Toc171753186,Chapter 84 Nuclear reactors boilers machinery and mechanical appliances parts thereof,Part 3 Miscellaneous,,Notes
340,https://www.legislation.gov.au/C2004A04997/2024-07-01/2024-07-01/text/1/epub/OEBPS/document_5/document_5.html#_Toc171753187,Chapter 84 Nuclear reactors boilers machinery and mechanical appliances parts thereof,Part 3 Miscellaneous,,Subheading Notes
341,https://www.legislation.gov.au/C2004A04997/2024-07-01/2024-07-01/text/1/epub/OEBPS/document_5/document_5.html#_Toc171753188,Chapter 84 Nuclear reactors boilers machinery and mechanical appliances parts thereof,Part 3 Miscellaneous,,Additional Notes
342,https://www.legislation.gov.au/C2004A04997/2024-07-01/2024-07-01/text/1/epub/OEBPS/document_5/document_5.html#_Toc171753189,Chapter 85 Electrical machinery and equipment and parts thereof sound recorders and reproducers television image and sound recorders and reproducers and parts and accessories of such articles,Part 3 Miscellaneous,,
343,https://www.legislation.gov.au/C2004A04997/2024-07-01/2024-07-01/text/1/epub/OEBPS/document_5/document_5.html#_Toc171753190,Chapter 85 Electrical machinery and equipment and parts thereof sound recorders and reproducers television image and sound recorders and reproducers and parts and accessories of such articles,Part 3 Miscellaneous,,Notes
344,https://www.legislation.gov.au/C2004A04997/2024-07-01/2024-07-01/text/1/epub/OEBPS/document_5/document_5.html#_Toc171753191,Chapter 85 Electrical machinery and equipment and parts thereof sound recorders and reproducers television image and sound recorders and reproducers and parts and accessories of such articles,Part 3 Miscellaneous,,Subheading Notes
345,https://www.legislation.gov.au/C2004A04997/2024-07-01/2024-07-01/text/1/epub/OEBPS/document_5/document_5.html#_Toc171753192,Chapter 85 Electrical machinery and equipment and parts thereof sound recorders and reproducers television image and sound recorders and reproducers and parts and accessories of such articles,Part 3 Miscellaneous,,Additional Notes
346,https://www.legislation.gov.au/C2004A04997/2024-07-01/2024-07-01/text/1/epub/OEBPS/document_5/document_5.html#_Toc171753193,Chapter 85 Electrical machinery and equipment and parts thereof sound recorders and reproducers television image and sound recorders and reproducers and parts and accessories of such articles,Part 3 Miscellaneous,,Section XVIIVehicles aircraft vessels and associated transport equipment
347,https://www.legislation.gov.au/C2004A04997/2024-07-01/2024-07-01/text/1/epub/OEBPS/document_5/document_5.html#_Toc171753194,Chapter 85 Electrical machinery and equipment and parts thereof sound recorders and reproducers television image and sound recorders and reproducers and parts and accessories of such articles,Part 3 Miscellaneous,,Notes
348,https://www.legislation.gov.au/C2004A04997/2024-07-01/2024-07-01/text/1/epub/OEBPS/document_5/document_5.html#_Toc171753195,Chapter 86 Railway or tramway locomotives rolling stock and parts thereof railway or tramway track fixtures and fittings and parts thereof mechanical including electro mechanical traffic signalling equipment of all kinds,Part 3 Miscellaneous,,
349,https://www.legislation.gov.au/C2004A04997/2024-07-01/2024-07-01/text/1/epub/OEBPS/document_5/document_5.html#_Toc171753196,Chapter 86 Railway or tramway locomotives rolling stock and parts thereof railway or tramway track fixtures and fittings and parts thereof mechanical including electro mechanical traffic signalling equipment of all kinds,Part 3 Miscellaneous,,Notes
350,https://www.legislation.gov.au/C2004A04997/2024-07-01/2024-07-01/text/1/epub/OEBPS/document_5/document_5.html#_Toc171753197,Chapter 87 Vehicles other than railway or tramway rolling stock and parts and accessories thereof,Part 3 Miscellaneous,,
351,https://www.legislation.gov.au/C2004A04997/2024-07-01/2024-07-01/text/1/epub/OEBPS/document_5/document_5.html#_Toc171753198,Chapter 87 Vehicles other than railway or tramway rolling stock and parts and accessories thereof,Part 3 Miscellaneous,,Notes
352,https://www.legislation.gov.au/C2004A04997/2024-07-01/2024-07-01/text/1/epub/OEBPS/document_5/document_5.html#_Toc171753199,Chapter 87 Vehicles other than railway or tramway rolling stock and parts and accessories thereof,Part 3 Miscellaneous,,Subheading Note
353,https://www.legislation.gov.au/C2004A04997/2024-07-01/2024-07-01/text/1/epub/OEBPS/document_5/document_5.html#_Toc171753200,Chapter 87 Vehicles other than railway or tramway rolling stock and parts and accessories thereof,Part 3 Miscellaneous,,Additional Notes
354,https://www.legislation.gov.au/C2004A04997/2024-07-01/2024-07-01/text/1/epub/OEBPS/document_5/document_5.html#_Toc171753201,Chapter 88 Aircraft spacecraft and parts thereof,Part 3 Miscellaneous,,
355,https://www.legislation.gov.au/C2004A04997/2024-07-01/2024-07-01/text/1/epub/OEBPS/document_5/document_5.html#_Toc171753202,Chapter 88 Aircraft spacecraft and parts thereof,Part 3 Miscellaneous,,Note
356,https://www.legislation.gov.au/C2004A04997/2024-07-01/2024-07-01/text/1/epub/OEBPS/document_5/document_5.html#_Toc171753203,Chapter 88 Aircraft spacecraft and parts thereof,Part 3 Miscellaneous,,Subheading Notes
357,https://www.legislation.gov.au/C2004A04997/2024-07-01/2024-07-01/text/1/epub/OEBPS/document_5/document_5.html#_Toc171753204,Chapter 89 Ships boats and floating structures,Part 3 Miscellaneous,,
358,https://www.legislation.gov.au/C2004A04997/2024-07-01/2024-07-01/text/1/epub/OEBPS/document_5/document_5.html#_Toc171753205,Chapter 89 Ships boats and floating structures,Part 3 Miscellaneous,,Note
359,https://www.legislation.gov.au/C2004A04997/2024-07-01/2024-07-01/text/1/epub/OEBPS/document_5/document_5.html#_Toc171753206,Chapter 89 Ships boats and floating structures,Part 3 Miscellaneous,,Section XVIIIOptical photographic cinematographic measuring checking precision medical or surgical instruments and apparatus clocks and watches musical instruments parts and accessories thereof
360,https://www.legislation.gov.au/C2004A04997/2024-07-01/2024-07-01/text/1/epub/OEBPS/document_5/document_5.html#_Toc171753207,Chapter 90 Optical photographic cinematographic measuring checking precision medical or surgical instruments and apparatus parts and accessories thereof,Part 3 Miscellaneous,,
361,https://www.legislation.gov.au/C2004A04997/2024-07-01/2024-07-01/text/1/epub/OEBPS/document_5/document_5.html#_Toc171753208,Chapter 90 Optical photographic cinematographic measuring checking precision medical or surgical instruments and apparatus parts and accessories thereof,Part 3 Miscellaneous,,Notes
362,https://www.legislation.gov.au/C2004A04997/2024-07-01/2024-07-01/text/1/epub/OEBPS/document_5/document_5.html#_Toc171753209,Chapter 90 Optical photographic cinematographic measuring checking precision medical or surgical instruments and apparatus parts and accessories thereof,Part 3 Miscellaneous,,Additional Notes
363,https://www.legislation.gov.au/C2004A04997/2024-07-01/2024-07-01/text/1/epub/OEBPS/document_5/document_5.html#_Toc171753210,Chapter 91 Clocks and watches and parts thereof,Part 3 Miscellaneous,,
364,https://www.legislation.gov.au/C2004A04997/2024-07-01/2024-07-01/text/1/epub/OEBPS/document_5/document_5.html#_Toc171753211,Chapter 91 Clocks and watches and parts thereof,Part 3 Miscellaneous,,Notes
365,https://www.legislation.gov.au/C2004A04997/2024-07-01/2024-07-01/text/1/epub/OEBPS/document_5/document_5.html#_Toc171753212,Chapter 92 Musical instruments parts and accessories of such articles,Part 3 Miscellaneous,,
366,https://www.legislation.gov.au/C2004A04997/2024-07-01/2024-07-01/text/1/epub/OEBPS/document_5/document_5.html#_Toc171753213,Chapter 92 Musical instruments parts and accessories of such articles,Part 3 Miscellaneous,,Notes
367,https://www.legislation.gov.au/C2004A04997/2024-07-01/2024-07-01/text/1/epub/OEBPS/document_5/document_5.html#_Toc171753214,Chapter 92 Musical instruments parts and accessories of such articles,Part 3 Miscellaneous,,Section XIXArms and ammunition parts and accessories thereof
368,https://www.legislation.gov.au/C2004A04997/2024-07-01/2024-07-01/text/1/epub/OEBPS/document_5/document_5.html#_Toc171753215,Chapter 93 Arms and ammunition parts and accessories thereof,Part 3 Miscellaneous,,
369,https://www.legislation.gov.au/C2004A04997/2024-07-01/2024-07-01/text/1/epub/OEBPS/document_5/document_5.html#_Toc171753216,Chapter 93 Arms and ammunition parts and accessories thereof,Part 3 Miscellaneous,,Notes
370,https://www.legislation.gov.au/C2004A04997/2024-07-01/2024-07-01/text/1/epub/OEBPS/document_5/document_5.html#_Toc171753217,Chapter 93 Arms and ammunition parts and accessories thereof,Part 3 Miscellaneous,,Section XXMiscellaneous manufactured articles
371,https://www.legislation.gov.au/C2004A04997/2024-07-01/2024-07-01/text/1/epub/OEBPS/document_5/document_5.html#_Toc171753218,Chapter 94 Furniture bedding mattresses mattress supports cushions and similar stuffed furnishings luminaires and lighting fittings not elsewhere specified or included illuminated signs illuminated name plates and the like prefabricated buildings,Part 3 Miscellaneous,,
372,https://www.legislation.gov.au/C2004A04997/2024-07-01/2024-07-01/text/1/epub/OEBPS/document_5/document_5.html#_Toc171753219,Chapter 94 Furniture bedding mattresses mattress supports cushions and similar stuffed furnishings luminaires and lighting fittings not elsewhere specified or included illuminated signs illuminated name plates and the like prefabricated buildings,Part 3 Miscellaneous,,Notes
373,https://www.legislation.gov.au/C2004A04997/2024-07-01/2024-07-01/text/1/epub/OEBPS/document_5/document_5.html#_Toc171753220,Chapter 94 Furniture bedding mattresses mattress supports cushions and similar stuffed furnishings luminaires and lighting fittings not elsewhere specified or included illuminated signs illuminated name plates and the like prefabricated buildings,Part 3 Miscellaneous,,Additional Note
374,https://www.legislation.gov.au/C2004A04997/2024-07-01/2024-07-01/text/1/epub/OEBPS/document_5/document_5.html#_Toc171753221,Chapter 95 Toys games and sports requisites parts and accessories thereof,Part 3 Miscellaneous,,
375,https://www.legislation.gov.au/C2004A04997/2024-07-01/2024-07-01/text/1/epub/OEBPS/document_5/document_5.html#_Toc171753222,Chapter 95 Toys games and sports requisites parts and accessories thereof,Part 3 Miscellaneous,,Notes
376,https://www.legislation.gov.au/C2004A04997/2024-07-01/2024-07-01/text/1/epub/OEBPS/document_5/document_5.html#_Toc171753223,Chapter 95 Toys games and sports requisites parts and accessories thereof,Part 3 Miscellaneous,,Subheading Note
377,https://www.legislation.gov.au/C2004A04997/2024-07-01/2024-07-01/text/1/epub/OEBPS/document_5/document_5.html#_Toc171753224,Chapter 96 Miscellaneous manufactured articles,Part 3 Miscellaneous,,
378,https://www.legislation.gov.au/C2004A04997/2024-07-01/2024-07-01/text/1/epub/OEBPS/document_5/document_5.html#_Toc171753225,Chapter 96 Miscellaneous manufactured articles,Part 3 Miscellaneous,,Notes
379,https://www.legislation.gov.au/C2004A04997/2024-07-01/2024-07-01/text/1/epub/OEBPS/document_5/document_5.html#_Toc171753226,Chapter 96 Miscellaneous manufactured articles,Part 3 Miscellaneous,,Section XXIWorks of art collectors pieces and antiques
380,https://www.legislation.gov.au/C2004A04997/2024-07-01/2024-07-01/text/1/epub/OEBPS/document_5/document_5.html#_Toc171753227,Chapter 97 Works of art collectors pieces and antiques,Part 3 Miscellaneous,,
381,https://www.legislation.gov.au/C2004A04997/2024-07-01/2024-07-01/text/1/epub/OEBPS/document_5/document_5.html#_Toc171753228,Chapter 97 Works of art collectors pieces and antiques,Part 3 Miscellaneous,,Notes
382,https://www.legislation.gov.au/C2004A04997/2024-07-01/2024-07-01/text/1/epub/OEBPS/document_5/document_5.html#_Toc171753229,Chapter 97 Works of art collectors pieces and antiques,Part 3 Miscellaneous,,Additional Notes
383,https://www.legislation.gov.au/C2004A04997/2024-07-01/2024-07-01/text/1/epub/OEBPS/document_6/document_6.html#_Toc171754999,Chapter 97 Works of art collectors pieces and antiques,Part 3 Miscellaneous,,Schedule 4 Concessional rates of duty
384,https://www.legislation.gov.au/C2004A04997/2024-07-01/2024-07-01/text/1/epub/OEBPS/document_6/document_6.html#_Toc171755000,Chapter 97 Works of art collectors pieces and antiques,Part 3 Miscellaneous,,Schedule 4 ASingaporean originating goods
385,https://www.legislation.gov.au/C2004A04997/2024-07-01/2024-07-01/text/1/epub/OEBPS/document_6/document_6.html#_Toc171755001,Chapter 97 Works of art collectors pieces and antiques,Part 3 Miscellaneous,,Schedule 5 US originating goods
386,https://www.legislation.gov.au/C2004A04997/2024-07-01/2024-07-01/text/1/epub/OEBPS/document_6/document_6.html#_Toc171755002,Chapter 97 Works of art collectors pieces and antiques,Part 3 Miscellaneous,,Schedule 6 Thai originating goods
387,https://www.legislation.gov.au/C2004A04997/2024-07-01/2024-07-01/text/1/epub/OEBPS/document_6/document_6.html#_Toc171755003,Chapter 97 Works of art collectors pieces and antiques,Part 3 Miscellaneous,,Schedule 6 APeruvian originating goods
388,https://www.legislation.gov.au/C2004A04997/2024-07-01/2024-07-01/text/1/epub/OEBPS/document_6/document_6.html#_Toc171755004,Chapter 97 Works of art collectors pieces and antiques,Part 3 Miscellaneous,,Schedule 7 Chilean originating goods
389,https://www.legislation.gov.au/C2004A04997/2024-07-01/2024-07-01/text/1/epub/OEBPS/document_6/document_6.html#_Toc171755005,Chapter 97 Works of art collectors pieces and antiques,Part 3 Miscellaneous,,Schedule 8 ASEAN Australia New Zealand AANZ originating goods
390,https://www.legislation.gov.au/C2004A04997/2024-07-01/2024-07-01/text/1/epub/OEBPS/document_6/document_6.html#_Toc171755006,Chapter 97 Works of art collectors pieces and antiques,Part 3 Miscellaneous,,Schedule 8 APacific Islands originating goods
391,https://www.legislation.gov.au/C2004A04997/2024-07-01/2024-07-01/text/1/epub/OEBPS/document_6/document_6.html#_Toc171755007,Chapter 97 Works of art collectors pieces and antiques,Part 3 Miscellaneous,,Schedule 8 BTrans Pacific Partnership originating goods
392,https://www.legislation.gov.au/C2004A04997/2024-07-01/2024-07-01/text/1/epub/OEBPS/document_6/document_6.html#_Toc171755008,Chapter 97 Works of art collectors pieces and antiques,Part 3 Miscellaneous,,Schedule 9 Malaysian originating goods
393,https://www.legislation.gov.au/C2004A04997/2024-07-01/2024-07-01/text/1/epub/OEBPS/document_6/document_6.html#_Toc171755009,Chapter 97 Works of art collectors pieces and antiques,Part 3 Miscellaneous,,Schedule 9 AIndonesian originating goods
394,https://www.legislation.gov.au/C2004A04997/2024-07-01/2024-07-01/text/1/epub/OEBPS/document_6/document_6.html#_Toc171755010,Chapter 97 Works of art collectors pieces and antiques,Part 3 Miscellaneous,,Schedule 10 Korean originating goods
395,https://www.legislation.gov.au/C2004A04997/2024-07-01/2024-07-01/text/1/epub/OEBPS/document_6/document_6.html#_Toc171755011,Chapter 97 Works of art collectors pieces and antiques,Part 3 Miscellaneous,,Schedule 10 AIndian originating goods
396,https://www.legislation.gov.au/C2004A04997/2024-07-01/2024-07-01/text/1/epub/OEBPS/document_6/document_6.html#_Toc171755012,Chapter 97 Works of art collectors pieces and antiques,Part 3 Miscellaneous,,Schedule 11 Japanese originating goods
397,https://www.legislation.gov.au/C2004A04997/2024-07-01/2024-07-01/text/1/epub/OEBPS/document_6/document_6.html#_Toc171755013,Chapter 97 Works of art collectors pieces and antiques,Part 3 Miscellaneous,,Schedule 12 Chinese originating goods
398,https://www.legislation.gov.au/C2004A04997/2024-07-01/2024-07-01/text/1/epub/OEBPS/document_6/document_6.html#_Toc171755014,Chapter 97 Works of art collectors pieces and antiques,Part 3 Miscellaneous,,Schedule 13 Hong Kong originating goods
399,https://www.legislation.gov.au/C2004A04997/2024-07-01/2024-07-01/text/1/epub/OEBPS/document_6/document_6.html#_Toc171755015,Chapter 97 Works of art collectors pieces and antiques,Part 3 Miscellaneous,,Schedule 14 Regional Comprehensive Economic Partnership RCEP originating goods
400,https://www.legislation.gov.au/C2004A04997/2024-07-01/2024-07-01/text/1/epub/OEBPS/document_6/document_6.html#_Toc171755016,Chapter 97 Works of art collectors pieces and antiques,Part 3 Miscellaneous,,Schedule 15 UK originating goods
401,https://www.legislation.gov.au/C2004A04997/2024-07-01/2024-07-01/text/1/epub/OEBPS/document_7/document_7.html#_Toc171755738,Chapter 97 Works of art collectors pieces and antiques,Part 3 Miscellaneous,,Endnotes
402,https://www.legislation.gov.au/C2004A04997/2024-07-01/2024-07-01/text/1/epub/OEBPS/document_7/document_7.html#_Toc171755739,Chapter 97 Works of art collectors pieces and antiques,Part 3 Miscellaneous,,Endnote 1 About the endnotes
403,https://www.legislation.gov.au/C2004A04997/2024-07-01/2024-07-01/text/1/epub/OEBPS/document_7/document_7.html#_Toc171755740,Chapter 97 Works of art collectors pieces and antiques,Part 3 Miscellaneous,,Endnote 2 Abbreviation key
404,https://www.legislation.gov.au/C2004A04997/2024-07-01/2024-07-01/text/1/epub/OEBPS/document_7/document_7.html#_Toc171755741,Chapter 97 Works of art collectors pieces and antiques,Part 3 Miscellaneous,,Endnote 3 Legislation history
405,https://www.legislation.gov.au/C2004A04997/2024-07-01/2024-07-01/text/1/epub/OEBPS/document_7/document_7.html#_Toc171755742,Chapter 97 Works of art collectors pieces and antiques,Part 3 Miscellaneous,,Endnote 4 Amendment history
